--
-- MySQL database dump
-- Created by DbManage class, Power By yanue. 
-- http://yanue.net 
--
-- 主机: mysql1.cs.clemson.edu
-- 生成日期: 2015 年  11 月 20 日 20:53
-- MySQL版本: 5.5.41-0ubuntu0.12.04.1
-- PHP 版本: 5.5.9-1ubuntu4.14

--
-- 数据库: `My662Project`
--

-- -------------------------------------------------------

--
-- 表的结构application
--

DROP TABLE IF EXISTS `application`;
CREATE TABLE `application` (
  `timeid` int(11) NOT NULL,
  `userid` char(9) NOT NULL,
  `reason` text NOT NULL,
  `state` enum('Y','N') DEFAULT NULL,
  PRIMARY KEY (`timeid`,`userid`),
  KEY `userid` (`userid`),
  CONSTRAINT `application_ibfk_3` FOREIGN KEY (`timeid`) REFERENCES `time_info` (`timeid`) ON DELETE CASCADE ON UPDATE CASCADE,
  CONSTRAINT `application_ibfk_2` FOREIGN KEY (`userid`) REFERENCES `user_info` (`userid`) ON DELETE CASCADE ON UPDATE CASCADE
) ENGINE=InnoDB DEFAULT CHARSET=latin1;

--
-- 转存表中的数据 application
--

INSERT INTO `application` VALUES('36','C00001009','','Y');
--
-- 表的结构evaluation
--

DROP TABLE IF EXISTS `evaluation`;
CREATE TABLE `evaluation` (
  `eid` int(11) NOT NULL AUTO_INCREMENT,
  `userid` char(9) NOT NULL,
  `evale` float NOT NULL,
  `time` datetime NOT NULL,
  `userid2` char(9) NOT NULL,
  PRIMARY KEY (`eid`),
  KEY `userid` (`userid`),
  KEY `userid2` (`userid2`),
  CONSTRAINT `evaluation_ibfk_2` FOREIGN KEY (`userid2`) REFERENCES `user_info` (`userid`) ON DELETE CASCADE ON UPDATE CASCADE,
  CONSTRAINT `evaluation_ibfk_1` FOREIGN KEY (`userid`) REFERENCES `user_info` (`userid`) ON DELETE CASCADE ON UPDATE CASCADE
) ENGINE=InnoDB DEFAULT CHARSET=latin1;

--
-- 转存表中的数据 evaluation
--

--
-- 表的结构group_info
--

DROP TABLE IF EXISTS `group_info`;
CREATE TABLE `group_info` (
  `groupid` int(11) NOT NULL AUTO_INCREMENT,
  `gname` varchar(20) NOT NULL,
  `leaderid` char(9) DEFAULT NULL,
  `membernumber` int(11) NOT NULL,
  PRIMARY KEY (`groupid`),
  KEY `leader` (`leaderid`),
  CONSTRAINT `group_info_ibfk_1` FOREIGN KEY (`leaderid`) REFERENCES `user_info` (`userid`) ON DELETE SET NULL ON UPDATE CASCADE
) ENGINE=InnoDB AUTO_INCREMENT=8 DEFAULT CHARSET=latin1;

--
-- 转存表中的数据 group_info
--

INSERT INTO `group_info` VALUES('0','OTHER','','9');
INSERT INTO `group_info` VALUES('1','group1','C00000003','10');
INSERT INTO `group_info` VALUES('2','group2','C00000011','10');
INSERT INTO `group_info` VALUES('3','group3','C00000021','10');
INSERT INTO `group_info` VALUES('4','group4','C00000031','10');
INSERT INTO `group_info` VALUES('5','group5','C00000041','10');
INSERT INTO `group_info` VALUES('6','testgroup','C00001011','1');
INSERT INTO `group_info` VALUES('7','testgroup2','C00001010','7');
--
-- 表的结构group_time
--

DROP TABLE IF EXISTS `group_time`;
CREATE TABLE `group_time` (
  `groupid` int(11) NOT NULL,
  `timeid` int(11) NOT NULL,
  `positionvalue` int(11) NOT NULL,
  `requestvalue` int(11) NOT NULL,
  PRIMARY KEY (`groupid`,`timeid`),
  KEY `timeid` (`timeid`),
  CONSTRAINT `group_time_ibfk_2` FOREIGN KEY (`groupid`) REFERENCES `group_info` (`groupid`),
  CONSTRAINT `group_time_ibfk_3` FOREIGN KEY (`timeid`) REFERENCES `time_info` (`timeid`)
) ENGINE=InnoDB DEFAULT CHARSET=latin1;

--
-- 转存表中的数据 group_time
--

INSERT INTO `group_time` VALUES('1','1','10','0');
INSERT INTO `group_time` VALUES('1','2','7','0');
INSERT INTO `group_time` VALUES('1','3','4','0');
INSERT INTO `group_time` VALUES('1','4','1','0');
INSERT INTO `group_time` VALUES('1','5','2','0');
INSERT INTO `group_time` VALUES('1','6','7','0');
INSERT INTO `group_time` VALUES('1','7','9','0');
INSERT INTO `group_time` VALUES('1','8','2','0');
INSERT INTO `group_time` VALUES('1','9','2','0');
INSERT INTO `group_time` VALUES('1','10','5','0');
INSERT INTO `group_time` VALUES('1','11','8','0');
INSERT INTO `group_time` VALUES('1','12','5','0');
INSERT INTO `group_time` VALUES('1','13','2','0');
INSERT INTO `group_time` VALUES('1','14','2','0');
INSERT INTO `group_time` VALUES('1','15','6','0');
INSERT INTO `group_time` VALUES('1','16','3','0');
INSERT INTO `group_time` VALUES('1','17','5','0');
INSERT INTO `group_time` VALUES('1','18','6','0');
INSERT INTO `group_time` VALUES('1','19','6','0');
INSERT INTO `group_time` VALUES('1','20','2','0');
INSERT INTO `group_time` VALUES('1','21','1','0');
INSERT INTO `group_time` VALUES('1','22','7','0');
INSERT INTO `group_time` VALUES('1','23','1','0');
INSERT INTO `group_time` VALUES('1','24','3','0');
INSERT INTO `group_time` VALUES('1','25','3','0');
INSERT INTO `group_time` VALUES('1','26','3','0');
INSERT INTO `group_time` VALUES('1','27','7','0');
INSERT INTO `group_time` VALUES('1','28','7','0');
INSERT INTO `group_time` VALUES('1','29','4','0');
INSERT INTO `group_time` VALUES('1','30','6','1');
INSERT INTO `group_time` VALUES('1','31','9','0');
INSERT INTO `group_time` VALUES('1','32','8','1');
INSERT INTO `group_time` VALUES('1','33','1','0');
INSERT INTO `group_time` VALUES('1','34','9','0');
INSERT INTO `group_time` VALUES('1','35','4','1');
INSERT INTO `group_time` VALUES('1','36','10','2');
INSERT INTO `group_time` VALUES('1','37','10','1');
INSERT INTO `group_time` VALUES('1','38','9','0');
INSERT INTO `group_time` VALUES('1','39','3','1');
INSERT INTO `group_time` VALUES('1','40','8','1');
INSERT INTO `group_time` VALUES('1','41','9','1');
INSERT INTO `group_time` VALUES('1','42','2','1');
INSERT INTO `group_time` VALUES('1','43','1','1');
INSERT INTO `group_time` VALUES('1','44','8','1');
INSERT INTO `group_time` VALUES('1','45','8','1');
INSERT INTO `group_time` VALUES('1','46','6','1');
INSERT INTO `group_time` VALUES('1','47','4','1');
INSERT INTO `group_time` VALUES('1','48','4','1');
INSERT INTO `group_time` VALUES('1','49','5','1');
INSERT INTO `group_time` VALUES('1','50','5','1');
INSERT INTO `group_time` VALUES('1','51','8','1');
INSERT INTO `group_time` VALUES('1','52','5','1');
INSERT INTO `group_time` VALUES('1','53','1','1');
INSERT INTO `group_time` VALUES('1','54','7','1');
INSERT INTO `group_time` VALUES('1','55','3','1');
INSERT INTO `group_time` VALUES('1','56','5','1');
INSERT INTO `group_time` VALUES('1','57','3','1');
INSERT INTO `group_time` VALUES('1','58','1','1');
INSERT INTO `group_time` VALUES('1','59','3','1');
INSERT INTO `group_time` VALUES('1','60','4','1');
INSERT INTO `group_time` VALUES('1','61','9','1');
INSERT INTO `group_time` VALUES('1','62','2','1');
INSERT INTO `group_time` VALUES('1','63','3','1');
INSERT INTO `group_time` VALUES('1','64','9','1');
INSERT INTO `group_time` VALUES('1','65','6','1');
INSERT INTO `group_time` VALUES('1','66','4','1');
INSERT INTO `group_time` VALUES('1','67','10','1');
INSERT INTO `group_time` VALUES('1','68','8','1');
INSERT INTO `group_time` VALUES('2','1','1','0');
INSERT INTO `group_time` VALUES('2','2','10','0');
INSERT INTO `group_time` VALUES('2','3','6','0');
INSERT INTO `group_time` VALUES('2','4','9','0');
INSERT INTO `group_time` VALUES('2','5','7','0');
INSERT INTO `group_time` VALUES('2','6','8','0');
INSERT INTO `group_time` VALUES('2','7','8','0');
INSERT INTO `group_time` VALUES('2','8','6','0');
INSERT INTO `group_time` VALUES('2','9','6','0');
INSERT INTO `group_time` VALUES('2','10','9','0');
INSERT INTO `group_time` VALUES('2','11','9','0');
INSERT INTO `group_time` VALUES('2','12','7','0');
INSERT INTO `group_time` VALUES('2','13','6','0');
INSERT INTO `group_time` VALUES('2','14','9','0');
INSERT INTO `group_time` VALUES('2','15','6','0');
INSERT INTO `group_time` VALUES('2','16','3','0');
INSERT INTO `group_time` VALUES('2','17','8','0');
INSERT INTO `group_time` VALUES('2','18','8','0');
INSERT INTO `group_time` VALUES('2','19','7','0');
INSERT INTO `group_time` VALUES('2','20','9','0');
INSERT INTO `group_time` VALUES('2','21','3','0');
INSERT INTO `group_time` VALUES('2','22','7','0');
INSERT INTO `group_time` VALUES('2','23','8','0');
INSERT INTO `group_time` VALUES('2','24','6','0');
INSERT INTO `group_time` VALUES('2','25','5','0');
INSERT INTO `group_time` VALUES('2','26','7','0');
INSERT INTO `group_time` VALUES('2','27','10','0');
INSERT INTO `group_time` VALUES('2','28','7','0');
INSERT INTO `group_time` VALUES('2','29','5','0');
INSERT INTO `group_time` VALUES('2','30','6','0');
INSERT INTO `group_time` VALUES('2','31','2','0');
INSERT INTO `group_time` VALUES('2','32','3','0');
INSERT INTO `group_time` VALUES('2','33','9','0');
INSERT INTO `group_time` VALUES('2','34','4','0');
INSERT INTO `group_time` VALUES('2','35','2','0');
INSERT INTO `group_time` VALUES('2','36','7','0');
INSERT INTO `group_time` VALUES('2','37','7','0');
INSERT INTO `group_time` VALUES('2','38','7','0');
INSERT INTO `group_time` VALUES('2','39','2','0');
INSERT INTO `group_time` VALUES('2','40','7','0');
INSERT INTO `group_time` VALUES('2','41','10','0');
INSERT INTO `group_time` VALUES('2','42','7','0');
INSERT INTO `group_time` VALUES('2','43','3','0');
INSERT INTO `group_time` VALUES('2','44','7','0');
INSERT INTO `group_time` VALUES('2','45','3','0');
INSERT INTO `group_time` VALUES('2','46','6','0');
INSERT INTO `group_time` VALUES('2','47','8','0');
INSERT INTO `group_time` VALUES('2','48','2','0');
INSERT INTO `group_time` VALUES('2','49','8','0');
INSERT INTO `group_time` VALUES('2','50','1','0');
INSERT INTO `group_time` VALUES('2','51','3','0');
INSERT INTO `group_time` VALUES('2','52','8','0');
INSERT INTO `group_time` VALUES('2','53','2','0');
INSERT INTO `group_time` VALUES('2','54','8','0');
INSERT INTO `group_time` VALUES('2','55','10','0');
INSERT INTO `group_time` VALUES('2','56','8','0');
INSERT INTO `group_time` VALUES('2','57','9','0');
INSERT INTO `group_time` VALUES('2','58','1','0');
INSERT INTO `group_time` VALUES('2','59','8','0');
INSERT INTO `group_time` VALUES('2','60','6','0');
INSERT INTO `group_time` VALUES('2','61','7','0');
INSERT INTO `group_time` VALUES('2','62','5','0');
INSERT INTO `group_time` VALUES('2','63','4','0');
INSERT INTO `group_time` VALUES('2','64','3','0');
INSERT INTO `group_time` VALUES('2','65','5','0');
INSERT INTO `group_time` VALUES('2','66','4','0');
INSERT INTO `group_time` VALUES('2','67','5','0');
INSERT INTO `group_time` VALUES('2','68','4','0');
INSERT INTO `group_time` VALUES('3','1','4','0');
INSERT INTO `group_time` VALUES('3','2','5','0');
INSERT INTO `group_time` VALUES('3','3','5','0');
INSERT INTO `group_time` VALUES('3','4','8','0');
INSERT INTO `group_time` VALUES('3','5','7','0');
INSERT INTO `group_time` VALUES('3','6','7','0');
INSERT INTO `group_time` VALUES('3','7','6','0');
INSERT INTO `group_time` VALUES('3','8','8','0');
INSERT INTO `group_time` VALUES('3','9','9','0');
INSERT INTO `group_time` VALUES('3','10','4','0');
INSERT INTO `group_time` VALUES('3','11','9','0');
INSERT INTO `group_time` VALUES('3','12','5','0');
INSERT INTO `group_time` VALUES('3','13','9','0');
INSERT INTO `group_time` VALUES('3','14','7','0');
INSERT INTO `group_time` VALUES('3','15','8','0');
INSERT INTO `group_time` VALUES('3','16','8','0');
INSERT INTO `group_time` VALUES('3','17','8','0');
INSERT INTO `group_time` VALUES('3','18','4','0');
INSERT INTO `group_time` VALUES('3','19','6','0');
INSERT INTO `group_time` VALUES('3','20','9','0');
INSERT INTO `group_time` VALUES('3','21','6','0');
INSERT INTO `group_time` VALUES('3','22','2','0');
INSERT INTO `group_time` VALUES('3','23','2','0');
INSERT INTO `group_time` VALUES('3','24','4','0');
INSERT INTO `group_time` VALUES('3','25','2','0');
INSERT INTO `group_time` VALUES('3','26','9','0');
INSERT INTO `group_time` VALUES('3','27','7','0');
INSERT INTO `group_time` VALUES('3','28','9','0');
INSERT INTO `group_time` VALUES('3','29','3','0');
INSERT INTO `group_time` VALUES('3','30','8','0');
INSERT INTO `group_time` VALUES('3','31','10','0');
INSERT INTO `group_time` VALUES('3','32','7','0');
INSERT INTO `group_time` VALUES('3','33','3','0');
INSERT INTO `group_time` VALUES('3','34','2','0');
INSERT INTO `group_time` VALUES('3','35','4','0');
INSERT INTO `group_time` VALUES('3','36','1','0');
INSERT INTO `group_time` VALUES('3','37','4','0');
INSERT INTO `group_time` VALUES('3','38','5','0');
INSERT INTO `group_time` VALUES('3','39','3','0');
INSERT INTO `group_time` VALUES('3','40','9','0');
INSERT INTO `group_time` VALUES('3','41','7','0');
INSERT INTO `group_time` VALUES('3','42','6','0');
INSERT INTO `group_time` VALUES('3','43','9','0');
INSERT INTO `group_time` VALUES('3','44','8','0');
INSERT INTO `group_time` VALUES('3','45','10','0');
INSERT INTO `group_time` VALUES('3','46','5','0');
INSERT INTO `group_time` VALUES('3','47','5','0');
INSERT INTO `group_time` VALUES('3','48','1','0');
INSERT INTO `group_time` VALUES('3','49','8','0');
INSERT INTO `group_time` VALUES('3','50','7','0');
INSERT INTO `group_time` VALUES('3','51','1','0');
INSERT INTO `group_time` VALUES('3','52','3','0');
INSERT INTO `group_time` VALUES('3','53','10','0');
INSERT INTO `group_time` VALUES('3','54','1','0');
INSERT INTO `group_time` VALUES('3','55','7','0');
INSERT INTO `group_time` VALUES('3','56','10','0');
INSERT INTO `group_time` VALUES('3','57','10','0');
INSERT INTO `group_time` VALUES('3','58','9','0');
INSERT INTO `group_time` VALUES('3','59','5','0');
INSERT INTO `group_time` VALUES('3','60','9','0');
INSERT INTO `group_time` VALUES('3','61','7','0');
INSERT INTO `group_time` VALUES('3','62','7','0');
INSERT INTO `group_time` VALUES('3','63','4','0');
INSERT INTO `group_time` VALUES('3','64','1','0');
INSERT INTO `group_time` VALUES('3','65','10','0');
INSERT INTO `group_time` VALUES('3','66','7','0');
INSERT INTO `group_time` VALUES('3','67','4','0');
INSERT INTO `group_time` VALUES('3','68','1','0');
INSERT INTO `group_time` VALUES('4','1','1','0');
INSERT INTO `group_time` VALUES('4','2','10','0');
INSERT INTO `group_time` VALUES('4','3','8','0');
INSERT INTO `group_time` VALUES('4','4','9','0');
INSERT INTO `group_time` VALUES('4','5','2','0');
INSERT INTO `group_time` VALUES('4','6','10','0');
INSERT INTO `group_time` VALUES('4','7','3','0');
INSERT INTO `group_time` VALUES('4','8','5','0');
INSERT INTO `group_time` VALUES('4','9','5','0');
INSERT INTO `group_time` VALUES('4','10','9','0');
INSERT INTO `group_time` VALUES('4','11','9','0');
INSERT INTO `group_time` VALUES('4','12','8','0');
INSERT INTO `group_time` VALUES('4','13','3','0');
INSERT INTO `group_time` VALUES('4','14','10','0');
INSERT INTO `group_time` VALUES('4','15','9','0');
INSERT INTO `group_time` VALUES('4','16','7','0');
INSERT INTO `group_time` VALUES('4','17','6','0');
INSERT INTO `group_time` VALUES('4','18','9','0');
INSERT INTO `group_time` VALUES('4','19','6','0');
INSERT INTO `group_time` VALUES('4','20','1','0');
INSERT INTO `group_time` VALUES('4','21','7','0');
INSERT INTO `group_time` VALUES('4','22','10','0');
INSERT INTO `group_time` VALUES('4','23','10','0');
INSERT INTO `group_time` VALUES('4','24','10','0');
INSERT INTO `group_time` VALUES('4','25','10','0');
INSERT INTO `group_time` VALUES('4','26','7','0');
INSERT INTO `group_time` VALUES('4','27','6','0');
INSERT INTO `group_time` VALUES('4','28','7','0');
INSERT INTO `group_time` VALUES('4','29','9','0');
INSERT INTO `group_time` VALUES('4','30','3','0');
INSERT INTO `group_time` VALUES('4','31','7','0');
INSERT INTO `group_time` VALUES('4','32','4','0');
INSERT INTO `group_time` VALUES('4','33','1','0');
INSERT INTO `group_time` VALUES('4','34','2','0');
INSERT INTO `group_time` VALUES('4','35','8','0');
INSERT INTO `group_time` VALUES('4','36','1','0');
INSERT INTO `group_time` VALUES('4','37','3','0');
INSERT INTO `group_time` VALUES('4','38','2','0');
INSERT INTO `group_time` VALUES('4','39','8','0');
INSERT INTO `group_time` VALUES('4','40','6','0');
INSERT INTO `group_time` VALUES('4','41','2','0');
INSERT INTO `group_time` VALUES('4','42','5','0');
INSERT INTO `group_time` VALUES('4','43','6','0');
INSERT INTO `group_time` VALUES('4','44','6','0');
INSERT INTO `group_time` VALUES('4','45','2','0');
INSERT INTO `group_time` VALUES('4','46','2','0');
INSERT INTO `group_time` VALUES('4','47','3','0');
INSERT INTO `group_time` VALUES('4','48','7','0');
INSERT INTO `group_time` VALUES('4','49','7','0');
INSERT INTO `group_time` VALUES('4','50','2','0');
INSERT INTO `group_time` VALUES('4','51','1','0');
INSERT INTO `group_time` VALUES('4','52','6','0');
INSERT INTO `group_time` VALUES('4','53','8','0');
INSERT INTO `group_time` VALUES('4','54','1','0');
INSERT INTO `group_time` VALUES('4','55','1','0');
INSERT INTO `group_time` VALUES('4','56','1','0');
INSERT INTO `group_time` VALUES('4','57','4','0');
INSERT INTO `group_time` VALUES('4','58','3','0');
INSERT INTO `group_time` VALUES('4','59','5','0');
INSERT INTO `group_time` VALUES('4','60','4','0');
INSERT INTO `group_time` VALUES('4','61','4','0');
INSERT INTO `group_time` VALUES('4','62','7','0');
INSERT INTO `group_time` VALUES('4','63','5','0');
INSERT INTO `group_time` VALUES('4','64','3','0');
INSERT INTO `group_time` VALUES('4','65','8','0');
INSERT INTO `group_time` VALUES('4','66','1','0');
INSERT INTO `group_time` VALUES('4','67','9','0');
INSERT INTO `group_time` VALUES('4','68','1','0');
INSERT INTO `group_time` VALUES('5','1','1','0');
INSERT INTO `group_time` VALUES('5','2','8','0');
INSERT INTO `group_time` VALUES('5','3','9','0');
INSERT INTO `group_time` VALUES('5','4','8','0');
INSERT INTO `group_time` VALUES('5','5','2','0');
INSERT INTO `group_time` VALUES('5','6','6','0');
INSERT INTO `group_time` VALUES('5','7','2','0');
INSERT INTO `group_time` VALUES('5','8','4','0');
INSERT INTO `group_time` VALUES('5','9','2','0');
INSERT INTO `group_time` VALUES('5','10','9','0');
INSERT INTO `group_time` VALUES('5','11','9','0');
INSERT INTO `group_time` VALUES('5','12','8','0');
INSERT INTO `group_time` VALUES('5','13','10','0');
INSERT INTO `group_time` VALUES('5','14','8','0');
INSERT INTO `group_time` VALUES('5','15','7','0');
INSERT INTO `group_time` VALUES('5','16','1','0');
INSERT INTO `group_time` VALUES('5','17','5','0');
INSERT INTO `group_time` VALUES('5','18','10','0');
INSERT INTO `group_time` VALUES('5','19','7','0');
INSERT INTO `group_time` VALUES('5','20','3','0');
INSERT INTO `group_time` VALUES('5','21','4','0');
INSERT INTO `group_time` VALUES('5','22','10','0');
INSERT INTO `group_time` VALUES('5','23','9','0');
INSERT INTO `group_time` VALUES('5','24','5','0');
INSERT INTO `group_time` VALUES('5','25','6','0');
INSERT INTO `group_time` VALUES('5','26','4','0');
INSERT INTO `group_time` VALUES('5','27','4','0');
INSERT INTO `group_time` VALUES('5','28','5','0');
INSERT INTO `group_time` VALUES('5','29','5','0');
INSERT INTO `group_time` VALUES('5','30','9','0');
INSERT INTO `group_time` VALUES('5','31','8','0');
INSERT INTO `group_time` VALUES('5','32','1','0');
INSERT INTO `group_time` VALUES('5','33','4','0');
INSERT INTO `group_time` VALUES('5','34','5','0');
INSERT INTO `group_time` VALUES('5','35','1','0');
INSERT INTO `group_time` VALUES('5','36','1','0');
INSERT INTO `group_time` VALUES('5','37','2','0');
INSERT INTO `group_time` VALUES('5','38','6','0');
INSERT INTO `group_time` VALUES('5','39','5','0');
INSERT INTO `group_time` VALUES('5','40','3','0');
INSERT INTO `group_time` VALUES('5','41','2','0');
INSERT INTO `group_time` VALUES('5','42','2','0');
INSERT INTO `group_time` VALUES('5','43','1','0');
INSERT INTO `group_time` VALUES('5','44','1','0');
INSERT INTO `group_time` VALUES('5','45','1','0');
INSERT INTO `group_time` VALUES('5','46','2','0');
INSERT INTO `group_time` VALUES('5','47','7','0');
INSERT INTO `group_time` VALUES('5','48','10','0');
INSERT INTO `group_time` VALUES('5','49','6','0');
INSERT INTO `group_time` VALUES('5','50','8','0');
INSERT INTO `group_time` VALUES('5','51','4','0');
INSERT INTO `group_time` VALUES('5','52','4','0');
INSERT INTO `group_time` VALUES('5','53','7','0');
INSERT INTO `group_time` VALUES('5','54','2','0');
INSERT INTO `group_time` VALUES('5','55','10','0');
INSERT INTO `group_time` VALUES('5','56','2','0');
INSERT INTO `group_time` VALUES('5','57','1','0');
INSERT INTO `group_time` VALUES('5','58','10','0');
INSERT INTO `group_time` VALUES('5','59','3','0');
INSERT INTO `group_time` VALUES('5','60','7','0');
INSERT INTO `group_time` VALUES('5','61','3','0');
INSERT INTO `group_time` VALUES('5','62','4','0');
INSERT INTO `group_time` VALUES('5','63','9','0');
INSERT INTO `group_time` VALUES('5','64','5','0');
INSERT INTO `group_time` VALUES('5','65','6','0');
INSERT INTO `group_time` VALUES('5','66','7','0');
INSERT INTO `group_time` VALUES('5','67','4','0');
INSERT INTO `group_time` VALUES('5','68','7','0');
--
-- 表的结构jailblock
--

DROP TABLE IF EXISTS `jailblock`;
CREATE TABLE `jailblock` (
  `jid` int(11) NOT NULL AUTO_INCREMENT,
  `jname` varchar(20) NOT NULL,
  `groupid` int(11) NOT NULL,
  PRIMARY KEY (`jid`),
  KEY `groupid` (`groupid`),
  KEY `groupid_2` (`groupid`),
  CONSTRAINT `jailblock_ibfk_1` FOREIGN KEY (`groupid`) REFERENCES `group_info` (`groupid`)
) ENGINE=InnoDB DEFAULT CHARSET=latin1;

--
-- 转存表中的数据 jailblock
--

--
-- 表的结构prisoner_info
--

DROP TABLE IF EXISTS `prisoner_info`;
CREATE TABLE `prisoner_info` (
  `pid` char(9) NOT NULL COMMENT '9bit Pxxxxxxxx',
  `pname` char(50) NOT NULL,
  `releaseday` datetime DEFAULT NULL,
  `Jid` int(11) NOT NULL,
  PRIMARY KEY (`pid`),
  KEY `Jid` (`Jid`),
  CONSTRAINT `prisoner_info_ibfk_1` FOREIGN KEY (`Jid`) REFERENCES `jailblock` (`jid`)
) ENGINE=InnoDB DEFAULT CHARSET=latin1;

--
-- 转存表中的数据 prisoner_info
--

--
-- 表的结构salary
--

DROP TABLE IF EXISTS `salary`;
CREATE TABLE `salary` (
  `salaryid` int(11) NOT NULL AUTO_INCREMENT,
  `level` tinyint(4) NOT NULL,
  `worktime` datetime NOT NULL,
  `evaluation` varchar(20) NOT NULL,
  `salary` float NOT NULL,
  `userid` char(9) NOT NULL,
  PRIMARY KEY (`salaryid`),
  KEY `userid` (`userid`),
  CONSTRAINT `salary_ibfk_1` FOREIGN KEY (`userid`) REFERENCES `user_info` (`userid`) ON DELETE CASCADE ON UPDATE CASCADE
) ENGINE=InnoDB AUTO_INCREMENT=3 DEFAULT CHARSET=latin1;

--
-- 转存表中的数据 salary
--

--
-- 表的结构summary
--

DROP TABLE IF EXISTS `summary`;
CREATE TABLE `summary` (
  `sid` int(11) NOT NULL AUTO_INCREMENT,
  `userid` char(9) NOT NULL,
  `title` varchar(50) NOT NULL,
  `fileroad` varchar(200) NOT NULL,
  `time` datetime NOT NULL,
  PRIMARY KEY (`sid`),
  KEY `userid` (`userid`),
  CONSTRAINT `summary_ibfk_2` FOREIGN KEY (`userid`) REFERENCES `user_info` (`userid`) ON DELETE CASCADE ON UPDATE CASCADE
) ENGINE=InnoDB AUTO_INCREMENT=6 DEFAULT CHARSET=latin1;

--
-- 转存表中的数据 summary
--

INSERT INTO `summary` VALUES('1','C00001009','C00001009_2015_11.txt','uploadfile/','2015-11-13 03:48:31');
INSERT INTO `summary` VALUES('2','C00001009','C00001009_2015_10.txt','uploadfile/','2015-10-23 00:00:00');
INSERT INTO `summary` VALUES('3','C00001009','C00001009_2015_12.txt','uploadfile/ 	','2015-12-10 12:00:00');
INSERT INTO `summary` VALUES('4','C00000010','C00000010_2015_11.txt','uploadfile/','2015-11-13 07:45:17');
INSERT INTO `summary` VALUES('5','C00001007','C00001007_2015_11.txt','uploadfile/','2015-11-13 07:46:02');
--
-- 表的结构switch
--

DROP TABLE IF EXISTS `switch`;
CREATE TABLE `switch` (
  `userid1` char(9) NOT NULL,
  `userid2` char(9) NOT NULL,
  `usertime1` int(11) NOT NULL,
  `usertime2` int(11) NOT NULL,
  `reason` text NOT NULL,
  `state1` enum('Y','N') DEFAULT NULL,
  `state2` enum('Y','N') DEFAULT NULL,
  PRIMARY KEY (`userid1`,`userid2`,`usertime1`,`usertime2`),
  KEY `userid2` (`userid2`),
  KEY `usertime1` (`usertime1`),
  KEY `usertime2` (`usertime2`),
  CONSTRAINT `switch_ibfk_4` FOREIGN KEY (`usertime2`) REFERENCES `time_info` (`timeid`) ON DELETE CASCADE ON UPDATE CASCADE,
  CONSTRAINT `switch_ibfk_1` FOREIGN KEY (`userid1`) REFERENCES `user_info` (`userid`) ON DELETE CASCADE ON UPDATE CASCADE,
  CONSTRAINT `switch_ibfk_2` FOREIGN KEY (`userid2`) REFERENCES `user_info` (`userid`) ON DELETE CASCADE ON UPDATE CASCADE,
  CONSTRAINT `switch_ibfk_3` FOREIGN KEY (`usertime1`) REFERENCES `time_info` (`timeid`) ON DELETE CASCADE ON UPDATE CASCADE
) ENGINE=InnoDB DEFAULT CHARSET=latin1;

--
-- 转存表中的数据 switch
--

INSERT INTO `switch` VALUES('C00000010','C00001006','31','4','','','');
INSERT INTO `switch` VALUES('C00000010','C00001006','34','4','','N','');
INSERT INTO `switch` VALUES('C00001002','C00000010','6','20','','N','');
INSERT INTO `switch` VALUES('C00001009','C00001002','37','32','','Y','');
--
-- 表的结构time_info
--

DROP TABLE IF EXISTS `time_info`;
CREATE TABLE `time_info` (
  `timeid` int(11) NOT NULL AUTO_INCREMENT,
  `timedate` date NOT NULL,
  `starttime` time NOT NULL,
  `endtime` time NOT NULL,
  PRIMARY KEY (`timeid`)
) ENGINE=InnoDB AUTO_INCREMENT=103 DEFAULT CHARSET=latin1;

--
-- 转存表中的数据 time_info
--

INSERT INTO `time_info` VALUES('1','2015-10-17','08:00:00','15:59:59');
INSERT INTO `time_info` VALUES('2','2015-10-17','16:00:00','23:59:59');
INSERT INTO `time_info` VALUES('3','2015-10-18','08:00:00','15:59:59');
INSERT INTO `time_info` VALUES('4','2015-10-18','16:00:00','23:59:59');
INSERT INTO `time_info` VALUES('5','2015-10-19','08:00:00','15:59:59');
INSERT INTO `time_info` VALUES('6','2015-10-19','16:00:00','23:59:59');
INSERT INTO `time_info` VALUES('7','2015-10-20','08:00:00','15:59:59');
INSERT INTO `time_info` VALUES('8','2015-10-20','16:00:00','23:59:59');
INSERT INTO `time_info` VALUES('9','2015-10-21','08:00:00','15:59:59');
INSERT INTO `time_info` VALUES('10','2015-10-21','16:00:00','23:59:59');
INSERT INTO `time_info` VALUES('11','2015-10-22','08:00:00','15:59:59');
INSERT INTO `time_info` VALUES('12','2015-10-22','16:00:00','23:59:59');
INSERT INTO `time_info` VALUES('13','2015-10-23','08:00:00','15:59:59');
INSERT INTO `time_info` VALUES('14','2015-10-23','16:00:00','23:59:59');
INSERT INTO `time_info` VALUES('15','2015-10-24','08:00:00','15:59:59');
INSERT INTO `time_info` VALUES('16','2015-10-24','16:00:00','23:59:59');
INSERT INTO `time_info` VALUES('17','2015-10-25','08:00:00','15:59:59');
INSERT INTO `time_info` VALUES('18','2015-10-25','16:00:00','23:59:59');
INSERT INTO `time_info` VALUES('19','2015-10-26','08:00:00','15:59:59');
INSERT INTO `time_info` VALUES('20','2015-10-26','16:00:00','23:59:59');
INSERT INTO `time_info` VALUES('21','2015-10-27','08:00:00','15:59:59');
INSERT INTO `time_info` VALUES('22','2015-10-27','16:00:00','23:59:59');
INSERT INTO `time_info` VALUES('23','2015-10-28','08:00:00','15:59:59');
INSERT INTO `time_info` VALUES('24','2015-10-28','16:00:00','23:59:59');
INSERT INTO `time_info` VALUES('25','2015-10-29','08:00:00','15:59:59');
INSERT INTO `time_info` VALUES('26','2015-10-29','16:00:00','23:59:59');
INSERT INTO `time_info` VALUES('27','2015-10-30','08:00:00','15:59:59');
INSERT INTO `time_info` VALUES('28','2015-10-30','16:00:00','23:59:59');
INSERT INTO `time_info` VALUES('29','2015-10-31','08:00:00','15:59:59');
INSERT INTO `time_info` VALUES('30','2015-10-31','16:00:00','23:59:59');
INSERT INTO `time_info` VALUES('31','2015-11-01','08:00:00','15:59:59');
INSERT INTO `time_info` VALUES('32','2015-11-01','16:00:00','23:59:59');
INSERT INTO `time_info` VALUES('33','2015-11-02','08:00:00','15:59:59');
INSERT INTO `time_info` VALUES('34','2015-11-02','16:00:00','23:59:59');
INSERT INTO `time_info` VALUES('35','2015-11-03','08:00:00','15:59:59');
INSERT INTO `time_info` VALUES('36','2015-11-03','16:00:00','23:59:59');
INSERT INTO `time_info` VALUES('37','2015-11-04','08:00:00','15:59:59');
INSERT INTO `time_info` VALUES('38','2015-11-04','16:00:00','23:59:59');
INSERT INTO `time_info` VALUES('39','2015-11-05','08:00:00','15:59:59');
INSERT INTO `time_info` VALUES('40','2015-11-05','16:00:00','23:59:59');
INSERT INTO `time_info` VALUES('41','2015-11-06','08:00:00','15:59:59');
INSERT INTO `time_info` VALUES('42','2015-11-06','16:00:00','23:59:59');
INSERT INTO `time_info` VALUES('43','2015-11-07','08:00:00','15:59:59');
INSERT INTO `time_info` VALUES('44','2015-11-07','16:00:00','23:59:59');
INSERT INTO `time_info` VALUES('45','2015-11-08','08:00:00','15:59:59');
INSERT INTO `time_info` VALUES('46','2015-11-08','16:00:00','23:59:59');
INSERT INTO `time_info` VALUES('47','2015-11-09','08:00:00','15:59:59');
INSERT INTO `time_info` VALUES('48','2015-11-09','16:00:00','23:59:59');
INSERT INTO `time_info` VALUES('49','2015-11-10','08:00:00','15:59:59');
INSERT INTO `time_info` VALUES('50','2015-11-10','16:00:00','23:59:59');
INSERT INTO `time_info` VALUES('51','2015-11-11','08:00:00','15:59:59');
INSERT INTO `time_info` VALUES('52','2015-11-11','16:00:00','23:59:59');
INSERT INTO `time_info` VALUES('53','2015-11-12','08:00:00','15:59:59');
INSERT INTO `time_info` VALUES('54','2015-11-12','16:00:00','23:59:59');
INSERT INTO `time_info` VALUES('55','2015-11-13','08:00:00','15:59:59');
INSERT INTO `time_info` VALUES('56','2015-11-13','16:00:00','23:59:59');
INSERT INTO `time_info` VALUES('57','2015-11-14','08:00:00','15:59:59');
INSERT INTO `time_info` VALUES('58','2015-11-14','16:00:00','23:59:59');
INSERT INTO `time_info` VALUES('59','2015-11-15','08:00:00','15:59:59');
INSERT INTO `time_info` VALUES('60','2015-11-15','16:00:00','23:59:59');
INSERT INTO `time_info` VALUES('61','2015-11-16','08:00:00','15:59:59');
INSERT INTO `time_info` VALUES('62','2015-11-16','16:00:00','23:59:59');
INSERT INTO `time_info` VALUES('63','2015-11-17','08:00:00','15:59:59');
INSERT INTO `time_info` VALUES('64','2015-11-17','16:00:00','23:59:59');
INSERT INTO `time_info` VALUES('65','2015-11-18','08:00:00','15:59:59');
INSERT INTO `time_info` VALUES('66','2015-11-18','16:00:00','23:59:59');
INSERT INTO `time_info` VALUES('67','2015-11-19','08:00:00','15:59:59');
INSERT INTO `time_info` VALUES('68','2015-11-19','16:00:00','23:59:59');
INSERT INTO `time_info` VALUES('69','2015-10-17','00:00:00','07:59:59');
INSERT INTO `time_info` VALUES('70','2015-10-18','00:00:00','07:59:59');
INSERT INTO `time_info` VALUES('71','2015-10-19','00:00:00','07:59:59');
INSERT INTO `time_info` VALUES('72','2015-10-20','00:00:00','07:59:59');
INSERT INTO `time_info` VALUES('73','2015-10-21','00:00:00','07:59:59');
INSERT INTO `time_info` VALUES('74','2015-10-22','00:00:00','07:59:59');
INSERT INTO `time_info` VALUES('75','2015-10-23','00:00:00','07:59:59');
INSERT INTO `time_info` VALUES('76','2015-10-24','00:00:00','07:59:59');
INSERT INTO `time_info` VALUES('77','2015-10-25','00:00:00','07:59:59');
INSERT INTO `time_info` VALUES('78','2015-10-26','00:00:00','07:59:59');
INSERT INTO `time_info` VALUES('79','2015-10-27','00:00:00','07:59:59');
INSERT INTO `time_info` VALUES('80','2015-10-28','00:00:00','07:59:59');
INSERT INTO `time_info` VALUES('81','2015-10-29','00:00:00','07:59:59');
INSERT INTO `time_info` VALUES('82','2015-10-30','00:00:00','07:59:59');
INSERT INTO `time_info` VALUES('83','2015-10-31','00:00:00','07:59:59');
INSERT INTO `time_info` VALUES('84','2015-11-01','00:00:00','07:59:59');
INSERT INTO `time_info` VALUES('85','2015-11-02','00:00:00','07:59:59');
INSERT INTO `time_info` VALUES('86','2015-11-03','00:00:00','07:59:59');
INSERT INTO `time_info` VALUES('87','2015-11-04','00:00:00','07:59:59');
INSERT INTO `time_info` VALUES('88','2015-11-05','00:00:00','07:59:59');
INSERT INTO `time_info` VALUES('89','2015-11-06','00:00:00','07:59:59');
INSERT INTO `time_info` VALUES('90','2015-11-07','00:00:00','07:59:59');
INSERT INTO `time_info` VALUES('91','2015-11-08','00:00:00','07:59:59');
INSERT INTO `time_info` VALUES('92','2015-11-09','00:00:00','07:59:59');
INSERT INTO `time_info` VALUES('93','2015-11-10','00:00:00','07:59:59');
INSERT INTO `time_info` VALUES('94','2015-11-11','00:00:00','07:59:59');
INSERT INTO `time_info` VALUES('95','2015-11-12','00:00:00','07:59:59');
INSERT INTO `time_info` VALUES('96','2015-11-13','00:00:00','07:59:59');
INSERT INTO `time_info` VALUES('97','2015-11-14','00:00:00','07:59:59');
INSERT INTO `time_info` VALUES('98','2015-11-15','00:00:00','07:59:59');
INSERT INTO `time_info` VALUES('99','2015-11-16','00:00:00','07:59:59');
INSERT INTO `time_info` VALUES('100','2015-11-17','00:00:00','07:59:59');
INSERT INTO `time_info` VALUES('101','2015-11-18','00:00:00','07:59:59');
INSERT INTO `time_info` VALUES('102','2015-11-19','00:00:00','07:59:59');
--
-- 表的结构user_info
--

DROP TABLE IF EXISTS `user_info`;
CREATE TABLE `user_info` (
  `userid` char(9) NOT NULL COMMENT '9 bits user id',
  `username` varchar(50) NOT NULL DEFAULT 'noname' COMMENT 'user name(at most 50 chars) unique',
  `userpwd` varchar(20) NOT NULL DEFAULT '123456' COMMENT 'user password (at most 20 chars)',
  `name` varchar(100) DEFAULT NULL COMMENT 'This is man''s true name',
  `phone` varchar(15) DEFAULT NULL COMMENT 'phone number at most 15 char can be none',
  `email` varchar(50) NOT NULL DEFAULT 'hh@g.clemson.edu' COMMENT 'user email at most 50 chars',
  `address` varchar(100) NOT NULL DEFAULT 'Old Central Rd,Apt #4' COMMENT 'user address at most 100 chars unique',
  `position` enum('staff','leader','warden','admin') NOT NULL DEFAULT 'staff',
  `typeid` int(11) NOT NULL DEFAULT '2',
  `groupid` int(11) NOT NULL,
  PRIMARY KEY (`userid`),
  KEY `typeid` (`typeid`),
  KEY `group` (`groupid`),
  CONSTRAINT `user_info_ibfk_1` FOREIGN KEY (`typeid`) REFERENCES `usertype` (`typeid`),
  CONSTRAINT `user_info_ibfk_2` FOREIGN KEY (`groupid`) REFERENCES `group_info` (`groupid`)
) ENGINE=InnoDB DEFAULT CHARSET=latin1;

--
-- 转存表中的数据 user_info
--

INSERT INTO `user_info` VALUES('C00000000','admin','admin','yuqi','13615517302','yuqi2@g.clemson.edu','Old Central Rd,Apt #4','admin','1','0');
INSERT INTO `user_info` VALUES('C00000001','wumingshi','aA','','','hh@g.clemson.edu','Old Central Rd,Apt #4','warden','2','0');
INSERT INTO `user_info` VALUES('C00000002','dyz','aA','','1234567890','hh@g.clemson.edu','Old Central Rd,Apt #4','staff','4','0');
INSERT INTO `user_info` VALUES('C00000003','shadiaohanyu','aA','','','hh@g.clemson.edu','Old Central Rd,Apt #4','leader','3','1');
INSERT INTO `user_info` VALUES('C00000004','woyaochifan','aA','','','hh@g.clemson.edu','Old Central Rd,Apt #4','staff','4','0');
INSERT INTO `user_info` VALUES('C00000005','woyaochifan','aA','','','hh@g.clemson.edu','Old Central Rd,Apt #4','staff','4','0');
INSERT INTO `user_info` VALUES('C00000006','jingyaoma','aA','','','hh@g.clemson.edu','Old Central Rd,Apt #4','staff','4','0');
INSERT INTO `user_info` VALUES('C00000007','woyaochifan','aA','','','hh@g.clemson.edu','Old Central Rd,Apt #4','staff','4','0');
INSERT INTO `user_info` VALUES('C00000008','WOCAO','aA','','','hh@g.clemson.edu','Old Central Rd,Apt #4','staff','4','0');
INSERT INTO `user_info` VALUES('C00000009','VXC','aA','','','hh@g.clemson.edu','Old Central Rd,Apt #4','staff','4','0');
INSERT INTO `user_info` VALUES('C00000010','C00000010','123456A','','1234567890','hh@g.clemson.edu','Old Central Rd,Apt #4','staff','4','1');
INSERT INTO `user_info` VALUES('C00000011','C00000011','123456','','','hh@g.clemson.edu','Old Central Rd,Apt #4','leader','3','2');
INSERT INTO `user_info` VALUES('C00000012','C00000012','123456','','','hh@g.clemson.edu','Old Central Rd,Apt #4','staff','4','2');
INSERT INTO `user_info` VALUES('C00000013','C00000013','123456','','','hh@g.clemson.edu','Old Central Rd,Apt #4','staff','4','2');
INSERT INTO `user_info` VALUES('C00000014','C00000014','123456','','','hh@g.clemson.edu','Old Central Rd,Apt #4','staff','4','2');
INSERT INTO `user_info` VALUES('C00000015','C00000015','123456','','','hh@g.clemson.edu','Old Central Rd,Apt #4','staff','4','2');
INSERT INTO `user_info` VALUES('C00000016','C00000016','123456','','','hh@g.clemson.edu','Old Central Rd,Apt #4','staff','4','2');
INSERT INTO `user_info` VALUES('C00000017','C00000017','123456','','','hh@g.clemson.edu','Old Central Rd,Apt #4','staff','4','2');
INSERT INTO `user_info` VALUES('C00000018','C00000018','123456','','','hh@g.clemson.edu','Old Central Rd,Apt #4','staff','4','2');
INSERT INTO `user_info` VALUES('C00000019','C00000019','123456','','','hh@g.clemson.edu','Old Central Rd,Apt #4','staff','4','2');
INSERT INTO `user_info` VALUES('C00000020','C00000020','123456','','','hh@g.clemson.edu','Old Central Rd,Apt #4','staff','4','2');
INSERT INTO `user_info` VALUES('C00000021','C00000021','123456','','','hh@g.clemson.edu','Old Central Rd,Apt #4','leader','3','3');
INSERT INTO `user_info` VALUES('C00000022','C00000022','123456','','','hh@g.clemson.edu','Old Central Rd,Apt #4','staff','4','3');
INSERT INTO `user_info` VALUES('C00000023','C00000023','123456','','','hh@g.clemson.edu','Old Central Rd,Apt #4','staff','4','3');
INSERT INTO `user_info` VALUES('C00000024','C00000024','123456','','','hh@g.clemson.edu','Old Central Rd,Apt #4','staff','4','3');
INSERT INTO `user_info` VALUES('C00000025','C00000025','123456','','','hh@g.clemson.edu','Old Central Rd,Apt #4','staff','4','3');
INSERT INTO `user_info` VALUES('C00000026','C00000026','123456','','','hh@g.clemson.edu','Old Central Rd,Apt #4','staff','4','3');
INSERT INTO `user_info` VALUES('C00000027','C00000027','123456','','','hh@g.clemson.edu','Old Central Rd,Apt #4','staff','4','3');
INSERT INTO `user_info` VALUES('C00000028','C00000028','123456','','','hh@g.clemson.edu','Old Central Rd,Apt #4','staff','4','3');
INSERT INTO `user_info` VALUES('C00000029','C00000029','123456','','','hh@g.clemson.edu','Old Central Rd,Apt #4','staff','4','3');
INSERT INTO `user_info` VALUES('C00000030','C00000030','123456','','','hh@g.clemson.edu','Old Central Rd,Apt #4','staff','4','3');
INSERT INTO `user_info` VALUES('C00000031','C00000031','123456','','','hh@g.clemson.edu','Old Central Rd,Apt #4','leader','3','4');
INSERT INTO `user_info` VALUES('C00000032','C00000032','123456','','','hh@g.clemson.edu','Old Central Rd,Apt #4','staff','4','4');
INSERT INTO `user_info` VALUES('C00000033','C00000033','123456','','','hh@g.clemson.edu','Old Central Rd,Apt #4','staff','4','4');
INSERT INTO `user_info` VALUES('C00000034','C00000034','123456','','','hh@g.clemson.edu','Old Central Rd,Apt #4','staff','4','4');
INSERT INTO `user_info` VALUES('C00000035','C00000035','123456','','','hh@g.clemson.edu','Old Central Rd,Apt #4','staff','4','4');
INSERT INTO `user_info` VALUES('C00000036','C00000036','123456','','','hh@g.clemson.edu','Old Central Rd,Apt #4','staff','4','4');
INSERT INTO `user_info` VALUES('C00000037','C00000037','123456','','','hh@g.clemson.edu','Old Central Rd,Apt #4','staff','4','4');
INSERT INTO `user_info` VALUES('C00000038','C00000038','123456','','','hh@g.clemson.edu','Old Central Rd,Apt #4','staff','4','4');
INSERT INTO `user_info` VALUES('C00000039','C00000039','123456','','','hh@g.clemson.edu','Old Central Rd,Apt #4','staff','4','4');
INSERT INTO `user_info` VALUES('C00000040','C00000040','123456','','','hh@g.clemson.edu','Old Central Rd,Apt #4','staff','4','4');
INSERT INTO `user_info` VALUES('C00000041','C00000041','123456','','','hh@g.clemson.edu','Old Central Rd,Apt #4','leader','3','5');
INSERT INTO `user_info` VALUES('C00000042','C00000042','123456','','','hh@g.clemson.edu','Old Central Rd,Apt #4','staff','4','5');
INSERT INTO `user_info` VALUES('C00000043','C00000043','123456','','','hh@g.clemson.edu','Old Central Rd,Apt #4','staff','4','5');
INSERT INTO `user_info` VALUES('C00000044','C00000044','123456','','','hh@g.clemson.edu','Old Central Rd,Apt #4','staff','4','5');
INSERT INTO `user_info` VALUES('C00000045','C00000045','123456','','','hh@g.clemson.edu','Old Central Rd,Apt #4','staff','4','5');
INSERT INTO `user_info` VALUES('C00000046','C00000046','123456','','','hh@g.clemson.edu','Old Central Rd,Apt #4','staff','4','5');
INSERT INTO `user_info` VALUES('C00000047','C00000047','123456','','','hh@g.clemson.edu','Old Central Rd,Apt #4','staff','4','5');
INSERT INTO `user_info` VALUES('C00000048','C00000048','123456','','','hh@g.clemson.edu','Old Central Rd,Apt #4','staff','4','5');
INSERT INTO `user_info` VALUES('C00000049','C00000049','123456','','','hh@g.clemson.edu','Old Central Rd,Apt #4','staff','4','5');
INSERT INTO `user_info` VALUES('C00000050','C00000050','123456','','','hh@g.clemson.edu','Old Central Rd,Apt #4','staff','4','5');
INSERT INTO `user_info` VALUES('C00000103','C00000103','123456','','','hh@g.clemson.edu','Old Central Rd,Apt #4','staff','4','1');
INSERT INTO `user_info` VALUES('C00001002','C00001002','123456A','','1234567890','hh@g.clemson.edu','Old Central Rd,Apt #4','staff','4','1');
INSERT INTO `user_info` VALUES('C00001004','C00001004','123456','','','hh@g.clemson.edu','Old Central Rd,Apt #4','staff','4','1');
INSERT INTO `user_info` VALUES('C00001005','C00001005','123456','','','hh@g.clemson.edu','Old Central Rd,Apt #4','staff','4','1');
INSERT INTO `user_info` VALUES('C00001006','C00001006','aA','','8643292777','hh@g.clemson.edu','Old Central Rd,Apt #4','staff','4','1');
INSERT INTO `user_info` VALUES('C00001007','dazui27','aA','','8646243344','hh@g.clemson.edu','Old Central Rd,Apt #4','staff','4','1');
INSERT INTO `user_info` VALUES('C00001008','C00001008','123456','','','hh@g.clemson.edu','Old Central Rd,Apt #4','staff','4','1');
INSERT INTO `user_info` VALUES('C00001009','C00001009','123456A','','1234567890','hh@g.clemson.edu','Old Central Rd,Apt #4','staff','4','1');
INSERT INTO `user_info` VALUES('C00001010','testguy','123456','','','hh@g.clemson.edu','Old Central Rd,Apt #4','leader','3','7');
INSERT INTO `user_info` VALUES('C00001011','testleader','123456','','','hh@g.clemson.edu','Old Central Rd,Apt #4','leader','3','6');
INSERT INTO `user_info` VALUES('C00001012','testman','123456','','','hh@g.clemson.edu','Old Central Rd,Apt #4','staff','4','7');
INSERT INTO `user_info` VALUES('C00001013','testman','123456','','','hh@g.clemson.edu','Old Central Rd,Apt #4','staff','4','7');
INSERT INTO `user_info` VALUES('C00001014','testman','123456','','','hh@g.clemson.edu','Old Central Rd,Apt #4','staff','4','7');
INSERT INTO `user_info` VALUES('C00001015','testman','123456','','','hh@g.clemson.edu','Old Central Rd,Apt #4','staff','4','7');
INSERT INTO `user_info` VALUES('C00001016','testman','123456','','','hh@g.clemson.edu','Old Central Rd,Apt #4','staff','4','7');
INSERT INTO `user_info` VALUES('C00001017','MR.Right','123456','','','hh@g.clemson.edu','Old Central Rd,Apt #4','staff','4','7');
--
-- 表的结构usertype
--

DROP TABLE IF EXISTS `usertype`;
CREATE TABLE `usertype` (
  `typeid` int(11) NOT NULL AUTO_INCREMENT,
  `typename` varchar(20) NOT NULL,
  PRIMARY KEY (`typeid`)
) ENGINE=InnoDB AUTO_INCREMENT=5 DEFAULT CHARSET=latin1;

--
-- 转存表中的数据 usertype
--

INSERT INTO `usertype` VALUES('1','admin');
INSERT INTO `usertype` VALUES('2','warden');
INSERT INTO `usertype` VALUES('3','leader');
INSERT INTO `usertype` VALUES('4','staff');
--
-- 表的结构work_info
--

DROP TABLE IF EXISTS `work_info`;
CREATE TABLE `work_info` (
  `userid` varchar(9) NOT NULL,
  `timeid` int(11) NOT NULL,
  PRIMARY KEY (`userid`,`timeid`),
  KEY `timeid` (`timeid`),
  CONSTRAINT `work_info_ibfk_2` FOREIGN KEY (`timeid`) REFERENCES `time_info` (`timeid`) ON DELETE CASCADE ON UPDATE CASCADE,
  CONSTRAINT `work_info_ibfk_1` FOREIGN KEY (`userid`) REFERENCES `user_info` (`userid`) ON DELETE CASCADE ON UPDATE CASCADE
) ENGINE=InnoDB DEFAULT CHARSET=latin1;

--
-- 转存表中的数据 work_info
--

INSERT INTO `work_info` VALUES('C00000001','1');
INSERT INTO `work_info` VALUES('C00000003','1');
INSERT INTO `work_info` VALUES('C00000010','1');
INSERT INTO `work_info` VALUES('C00000011','1');
INSERT INTO `work_info` VALUES('C00000021','1');
INSERT INTO `work_info` VALUES('C00000022','1');
INSERT INTO `work_info` VALUES('C00000023','1');
INSERT INTO `work_info` VALUES('C00000024','1');
INSERT INTO `work_info` VALUES('C00000031','1');
INSERT INTO `work_info` VALUES('C00000041','1');
INSERT INTO `work_info` VALUES('C00000103','1');
INSERT INTO `work_info` VALUES('C00001002','1');
INSERT INTO `work_info` VALUES('C00001004','1');
INSERT INTO `work_info` VALUES('C00001005','1');
INSERT INTO `work_info` VALUES('C00001006','1');
INSERT INTO `work_info` VALUES('C00001007','1');
INSERT INTO `work_info` VALUES('C00001008','1');
INSERT INTO `work_info` VALUES('C00001009','1');
INSERT INTO `work_info` VALUES('C00000001','2');
INSERT INTO `work_info` VALUES('C00000003','2');
INSERT INTO `work_info` VALUES('C00000010','2');
INSERT INTO `work_info` VALUES('C00000011','2');
INSERT INTO `work_info` VALUES('C00000012','2');
INSERT INTO `work_info` VALUES('C00000013','2');
INSERT INTO `work_info` VALUES('C00000014','2');
INSERT INTO `work_info` VALUES('C00000015','2');
INSERT INTO `work_info` VALUES('C00000016','2');
INSERT INTO `work_info` VALUES('C00000017','2');
INSERT INTO `work_info` VALUES('C00000018','2');
INSERT INTO `work_info` VALUES('C00000019','2');
INSERT INTO `work_info` VALUES('C00000020','2');
INSERT INTO `work_info` VALUES('C00000021','2');
INSERT INTO `work_info` VALUES('C00000022','2');
INSERT INTO `work_info` VALUES('C00000023','2');
INSERT INTO `work_info` VALUES('C00000024','2');
INSERT INTO `work_info` VALUES('C00000025','2');
INSERT INTO `work_info` VALUES('C00000031','2');
INSERT INTO `work_info` VALUES('C00000032','2');
INSERT INTO `work_info` VALUES('C00000033','2');
INSERT INTO `work_info` VALUES('C00000034','2');
INSERT INTO `work_info` VALUES('C00000035','2');
INSERT INTO `work_info` VALUES('C00000036','2');
INSERT INTO `work_info` VALUES('C00000037','2');
INSERT INTO `work_info` VALUES('C00000038','2');
INSERT INTO `work_info` VALUES('C00000039','2');
INSERT INTO `work_info` VALUES('C00000040','2');
INSERT INTO `work_info` VALUES('C00000041','2');
INSERT INTO `work_info` VALUES('C00000042','2');
INSERT INTO `work_info` VALUES('C00000043','2');
INSERT INTO `work_info` VALUES('C00000044','2');
INSERT INTO `work_info` VALUES('C00000045','2');
INSERT INTO `work_info` VALUES('C00000046','2');
INSERT INTO `work_info` VALUES('C00000047','2');
INSERT INTO `work_info` VALUES('C00000048','2');
INSERT INTO `work_info` VALUES('C00000103','2');
INSERT INTO `work_info` VALUES('C00001002','2');
INSERT INTO `work_info` VALUES('C00001004','2');
INSERT INTO `work_info` VALUES('C00001005','2');
INSERT INTO `work_info` VALUES('C00001006','2');
INSERT INTO `work_info` VALUES('C00000001','3');
INSERT INTO `work_info` VALUES('C00000010','3');
INSERT INTO `work_info` VALUES('C00000011','3');
INSERT INTO `work_info` VALUES('C00000012','3');
INSERT INTO `work_info` VALUES('C00000013','3');
INSERT INTO `work_info` VALUES('C00000014','3');
INSERT INTO `work_info` VALUES('C00000015','3');
INSERT INTO `work_info` VALUES('C00000016','3');
INSERT INTO `work_info` VALUES('C00000021','3');
INSERT INTO `work_info` VALUES('C00000022','3');
INSERT INTO `work_info` VALUES('C00000023','3');
INSERT INTO `work_info` VALUES('C00000024','3');
INSERT INTO `work_info` VALUES('C00000025','3');
INSERT INTO `work_info` VALUES('C00000031','3');
INSERT INTO `work_info` VALUES('C00000032','3');
INSERT INTO `work_info` VALUES('C00000033','3');
INSERT INTO `work_info` VALUES('C00000034','3');
INSERT INTO `work_info` VALUES('C00000035','3');
INSERT INTO `work_info` VALUES('C00000036','3');
INSERT INTO `work_info` VALUES('C00000037','3');
INSERT INTO `work_info` VALUES('C00000038','3');
INSERT INTO `work_info` VALUES('C00000041','3');
INSERT INTO `work_info` VALUES('C00000042','3');
INSERT INTO `work_info` VALUES('C00000043','3');
INSERT INTO `work_info` VALUES('C00000044','3');
INSERT INTO `work_info` VALUES('C00000045','3');
INSERT INTO `work_info` VALUES('C00000046','3');
INSERT INTO `work_info` VALUES('C00000047','3');
INSERT INTO `work_info` VALUES('C00000048','3');
INSERT INTO `work_info` VALUES('C00000049','3');
INSERT INTO `work_info` VALUES('C00000103','3');
INSERT INTO `work_info` VALUES('C00001002','3');
INSERT INTO `work_info` VALUES('C00001008','3');
INSERT INTO `work_info` VALUES('C00000001','4');
INSERT INTO `work_info` VALUES('C00000011','4');
INSERT INTO `work_info` VALUES('C00000012','4');
INSERT INTO `work_info` VALUES('C00000013','4');
INSERT INTO `work_info` VALUES('C00000014','4');
INSERT INTO `work_info` VALUES('C00000015','4');
INSERT INTO `work_info` VALUES('C00000016','4');
INSERT INTO `work_info` VALUES('C00000017','4');
INSERT INTO `work_info` VALUES('C00000018','4');
INSERT INTO `work_info` VALUES('C00000019','4');
INSERT INTO `work_info` VALUES('C00000021','4');
INSERT INTO `work_info` VALUES('C00000022','4');
INSERT INTO `work_info` VALUES('C00000023','4');
INSERT INTO `work_info` VALUES('C00000024','4');
INSERT INTO `work_info` VALUES('C00000025','4');
INSERT INTO `work_info` VALUES('C00000026','4');
INSERT INTO `work_info` VALUES('C00000027','4');
INSERT INTO `work_info` VALUES('C00000028','4');
INSERT INTO `work_info` VALUES('C00000031','4');
INSERT INTO `work_info` VALUES('C00000032','4');
INSERT INTO `work_info` VALUES('C00000033','4');
INSERT INTO `work_info` VALUES('C00000034','4');
INSERT INTO `work_info` VALUES('C00000035','4');
INSERT INTO `work_info` VALUES('C00000036','4');
INSERT INTO `work_info` VALUES('C00000037','4');
INSERT INTO `work_info` VALUES('C00000038','4');
INSERT INTO `work_info` VALUES('C00000039','4');
INSERT INTO `work_info` VALUES('C00000041','4');
INSERT INTO `work_info` VALUES('C00000042','4');
INSERT INTO `work_info` VALUES('C00000043','4');
INSERT INTO `work_info` VALUES('C00000044','4');
INSERT INTO `work_info` VALUES('C00000045','4');
INSERT INTO `work_info` VALUES('C00000046','4');
INSERT INTO `work_info` VALUES('C00000047','4');
INSERT INTO `work_info` VALUES('C00000048','4');
INSERT INTO `work_info` VALUES('C00001006','4');
INSERT INTO `work_info` VALUES('C00000001','5');
INSERT INTO `work_info` VALUES('C00000010','5');
INSERT INTO `work_info` VALUES('C00000011','5');
INSERT INTO `work_info` VALUES('C00000012','5');
INSERT INTO `work_info` VALUES('C00000013','5');
INSERT INTO `work_info` VALUES('C00000014','5');
INSERT INTO `work_info` VALUES('C00000015','5');
INSERT INTO `work_info` VALUES('C00000016','5');
INSERT INTO `work_info` VALUES('C00000017','5');
INSERT INTO `work_info` VALUES('C00000021','5');
INSERT INTO `work_info` VALUES('C00000022','5');
INSERT INTO `work_info` VALUES('C00000023','5');
INSERT INTO `work_info` VALUES('C00000024','5');
INSERT INTO `work_info` VALUES('C00000025','5');
INSERT INTO `work_info` VALUES('C00000026','5');
INSERT INTO `work_info` VALUES('C00000027','5');
INSERT INTO `work_info` VALUES('C00000031','5');
INSERT INTO `work_info` VALUES('C00000032','5');
INSERT INTO `work_info` VALUES('C00000041','5');
INSERT INTO `work_info` VALUES('C00000042','5');
INSERT INTO `work_info` VALUES('C00001005','5');
INSERT INTO `work_info` VALUES('C00000001','6');
INSERT INTO `work_info` VALUES('C00000010','6');
INSERT INTO `work_info` VALUES('C00000011','6');
INSERT INTO `work_info` VALUES('C00000012','6');
INSERT INTO `work_info` VALUES('C00000013','6');
INSERT INTO `work_info` VALUES('C00000014','6');
INSERT INTO `work_info` VALUES('C00000015','6');
INSERT INTO `work_info` VALUES('C00000016','6');
INSERT INTO `work_info` VALUES('C00000017','6');
INSERT INTO `work_info` VALUES('C00000018','6');
INSERT INTO `work_info` VALUES('C00000021','6');
INSERT INTO `work_info` VALUES('C00000022','6');
INSERT INTO `work_info` VALUES('C00000023','6');
INSERT INTO `work_info` VALUES('C00000024','6');
INSERT INTO `work_info` VALUES('C00000025','6');
INSERT INTO `work_info` VALUES('C00000026','6');
INSERT INTO `work_info` VALUES('C00000027','6');
INSERT INTO `work_info` VALUES('C00000031','6');
INSERT INTO `work_info` VALUES('C00000032','6');
INSERT INTO `work_info` VALUES('C00000033','6');
INSERT INTO `work_info` VALUES('C00000034','6');
INSERT INTO `work_info` VALUES('C00000035','6');
INSERT INTO `work_info` VALUES('C00000036','6');
INSERT INTO `work_info` VALUES('C00000037','6');
INSERT INTO `work_info` VALUES('C00000038','6');
INSERT INTO `work_info` VALUES('C00000039','6');
INSERT INTO `work_info` VALUES('C00000040','6');
INSERT INTO `work_info` VALUES('C00000041','6');
INSERT INTO `work_info` VALUES('C00000042','6');
INSERT INTO `work_info` VALUES('C00000043','6');
INSERT INTO `work_info` VALUES('C00000044','6');
INSERT INTO `work_info` VALUES('C00000045','6');
INSERT INTO `work_info` VALUES('C00000046','6');
INSERT INTO `work_info` VALUES('C00000103','6');
INSERT INTO `work_info` VALUES('C00001002','6');
INSERT INTO `work_info` VALUES('C00001004','6');
INSERT INTO `work_info` VALUES('C00001005','6');
INSERT INTO `work_info` VALUES('C00001006','6');
INSERT INTO `work_info` VALUES('C00001008','6');
INSERT INTO `work_info` VALUES('C00000001','7');
INSERT INTO `work_info` VALUES('C00000010','7');
INSERT INTO `work_info` VALUES('C00000011','7');
INSERT INTO `work_info` VALUES('C00000012','7');
INSERT INTO `work_info` VALUES('C00000013','7');
INSERT INTO `work_info` VALUES('C00000014','7');
INSERT INTO `work_info` VALUES('C00000015','7');
INSERT INTO `work_info` VALUES('C00000016','7');
INSERT INTO `work_info` VALUES('C00000017','7');
INSERT INTO `work_info` VALUES('C00000018','7');
INSERT INTO `work_info` VALUES('C00000021','7');
INSERT INTO `work_info` VALUES('C00000022','7');
INSERT INTO `work_info` VALUES('C00000023','7');
INSERT INTO `work_info` VALUES('C00000024','7');
INSERT INTO `work_info` VALUES('C00000025','7');
INSERT INTO `work_info` VALUES('C00000026','7');
INSERT INTO `work_info` VALUES('C00000031','7');
INSERT INTO `work_info` VALUES('C00000032','7');
INSERT INTO `work_info` VALUES('C00000033','7');
INSERT INTO `work_info` VALUES('C00000041','7');
INSERT INTO `work_info` VALUES('C00000042','7');
INSERT INTO `work_info` VALUES('C00000103','7');
INSERT INTO `work_info` VALUES('C00001002','7');
INSERT INTO `work_info` VALUES('C00001004','7');
INSERT INTO `work_info` VALUES('C00001005','7');
INSERT INTO `work_info` VALUES('C00001006','7');
INSERT INTO `work_info` VALUES('C00001007','7');
INSERT INTO `work_info` VALUES('C00001008','7');
INSERT INTO `work_info` VALUES('C00001009','7');
INSERT INTO `work_info` VALUES('C00000001','8');
INSERT INTO `work_info` VALUES('C00000003','8');
INSERT INTO `work_info` VALUES('C00000010','8');
INSERT INTO `work_info` VALUES('C00000011','8');
INSERT INTO `work_info` VALUES('C00000012','8');
INSERT INTO `work_info` VALUES('C00000013','8');
INSERT INTO `work_info` VALUES('C00000014','8');
INSERT INTO `work_info` VALUES('C00000015','8');
INSERT INTO `work_info` VALUES('C00000016','8');
INSERT INTO `work_info` VALUES('C00000021','8');
INSERT INTO `work_info` VALUES('C00000022','8');
INSERT INTO `work_info` VALUES('C00000023','8');
INSERT INTO `work_info` VALUES('C00000024','8');
INSERT INTO `work_info` VALUES('C00000025','8');
INSERT INTO `work_info` VALUES('C00000026','8');
INSERT INTO `work_info` VALUES('C00000027','8');
INSERT INTO `work_info` VALUES('C00000028','8');
INSERT INTO `work_info` VALUES('C00000031','8');
INSERT INTO `work_info` VALUES('C00000032','8');
INSERT INTO `work_info` VALUES('C00000033','8');
INSERT INTO `work_info` VALUES('C00000034','8');
INSERT INTO `work_info` VALUES('C00000035','8');
INSERT INTO `work_info` VALUES('C00000041','8');
INSERT INTO `work_info` VALUES('C00000042','8');
INSERT INTO `work_info` VALUES('C00000043','8');
INSERT INTO `work_info` VALUES('C00000044','8');
INSERT INTO `work_info` VALUES('C00000001','9');
INSERT INTO `work_info` VALUES('C00000003','9');
INSERT INTO `work_info` VALUES('C00000010','9');
INSERT INTO `work_info` VALUES('C00000011','9');
INSERT INTO `work_info` VALUES('C00000012','9');
INSERT INTO `work_info` VALUES('C00000013','9');
INSERT INTO `work_info` VALUES('C00000014','9');
INSERT INTO `work_info` VALUES('C00000015','9');
INSERT INTO `work_info` VALUES('C00000016','9');
INSERT INTO `work_info` VALUES('C00000021','9');
INSERT INTO `work_info` VALUES('C00000022','9');
INSERT INTO `work_info` VALUES('C00000023','9');
INSERT INTO `work_info` VALUES('C00000024','9');
INSERT INTO `work_info` VALUES('C00000025','9');
INSERT INTO `work_info` VALUES('C00000026','9');
INSERT INTO `work_info` VALUES('C00000027','9');
INSERT INTO `work_info` VALUES('C00000028','9');
INSERT INTO `work_info` VALUES('C00000029','9');
INSERT INTO `work_info` VALUES('C00000031','9');
INSERT INTO `work_info` VALUES('C00000032','9');
INSERT INTO `work_info` VALUES('C00000033','9');
INSERT INTO `work_info` VALUES('C00000034','9');
INSERT INTO `work_info` VALUES('C00000035','9');
INSERT INTO `work_info` VALUES('C00000041','9');
INSERT INTO `work_info` VALUES('C00000042','9');
INSERT INTO `work_info` VALUES('C00000001','10');
INSERT INTO `work_info` VALUES('C00000003','10');
INSERT INTO `work_info` VALUES('C00000010','10');
INSERT INTO `work_info` VALUES('C00000011','10');
INSERT INTO `work_info` VALUES('C00000012','10');
INSERT INTO `work_info` VALUES('C00000013','10');
INSERT INTO `work_info` VALUES('C00000014','10');
INSERT INTO `work_info` VALUES('C00000015','10');
INSERT INTO `work_info` VALUES('C00000016','10');
INSERT INTO `work_info` VALUES('C00000017','10');
INSERT INTO `work_info` VALUES('C00000018','10');
INSERT INTO `work_info` VALUES('C00000019','10');
INSERT INTO `work_info` VALUES('C00000021','10');
INSERT INTO `work_info` VALUES('C00000022','10');
INSERT INTO `work_info` VALUES('C00000023','10');
INSERT INTO `work_info` VALUES('C00000024','10');
INSERT INTO `work_info` VALUES('C00000031','10');
INSERT INTO `work_info` VALUES('C00000032','10');
INSERT INTO `work_info` VALUES('C00000033','10');
INSERT INTO `work_info` VALUES('C00000034','10');
INSERT INTO `work_info` VALUES('C00000035','10');
INSERT INTO `work_info` VALUES('C00000036','10');
INSERT INTO `work_info` VALUES('C00000037','10');
INSERT INTO `work_info` VALUES('C00000038','10');
INSERT INTO `work_info` VALUES('C00000039','10');
INSERT INTO `work_info` VALUES('C00000041','10');
INSERT INTO `work_info` VALUES('C00000042','10');
INSERT INTO `work_info` VALUES('C00000043','10');
INSERT INTO `work_info` VALUES('C00000044','10');
INSERT INTO `work_info` VALUES('C00000045','10');
INSERT INTO `work_info` VALUES('C00000046','10');
INSERT INTO `work_info` VALUES('C00000047','10');
INSERT INTO `work_info` VALUES('C00000048','10');
INSERT INTO `work_info` VALUES('C00000049','10');
INSERT INTO `work_info` VALUES('C00000103','10');
INSERT INTO `work_info` VALUES('C00001002','10');
INSERT INTO `work_info` VALUES('C00001004','10');
INSERT INTO `work_info` VALUES('C00000001','11');
INSERT INTO `work_info` VALUES('C00000010','11');
INSERT INTO `work_info` VALUES('C00000011','11');
INSERT INTO `work_info` VALUES('C00000012','11');
INSERT INTO `work_info` VALUES('C00000013','11');
INSERT INTO `work_info` VALUES('C00000014','11');
INSERT INTO `work_info` VALUES('C00000015','11');
INSERT INTO `work_info` VALUES('C00000016','11');
INSERT INTO `work_info` VALUES('C00000017','11');
INSERT INTO `work_info` VALUES('C00000018','11');
INSERT INTO `work_info` VALUES('C00000019','11');
INSERT INTO `work_info` VALUES('C00000021','11');
INSERT INTO `work_info` VALUES('C00000022','11');
INSERT INTO `work_info` VALUES('C00000023','11');
INSERT INTO `work_info` VALUES('C00000024','11');
INSERT INTO `work_info` VALUES('C00000025','11');
INSERT INTO `work_info` VALUES('C00000026','11');
INSERT INTO `work_info` VALUES('C00000027','11');
INSERT INTO `work_info` VALUES('C00000028','11');
INSERT INTO `work_info` VALUES('C00000029','11');
INSERT INTO `work_info` VALUES('C00000031','11');
INSERT INTO `work_info` VALUES('C00000032','11');
INSERT INTO `work_info` VALUES('C00000033','11');
INSERT INTO `work_info` VALUES('C00000034','11');
INSERT INTO `work_info` VALUES('C00000035','11');
INSERT INTO `work_info` VALUES('C00000036','11');
INSERT INTO `work_info` VALUES('C00000037','11');
INSERT INTO `work_info` VALUES('C00000038','11');
INSERT INTO `work_info` VALUES('C00000039','11');
INSERT INTO `work_info` VALUES('C00000041','11');
INSERT INTO `work_info` VALUES('C00000042','11');
INSERT INTO `work_info` VALUES('C00000043','11');
INSERT INTO `work_info` VALUES('C00000044','11');
INSERT INTO `work_info` VALUES('C00000045','11');
INSERT INTO `work_info` VALUES('C00000046','11');
INSERT INTO `work_info` VALUES('C00000047','11');
INSERT INTO `work_info` VALUES('C00000048','11');
INSERT INTO `work_info` VALUES('C00000049','11');
INSERT INTO `work_info` VALUES('C00000103','11');
INSERT INTO `work_info` VALUES('C00001002','11');
INSERT INTO `work_info` VALUES('C00001004','11');
INSERT INTO `work_info` VALUES('C00001005','11');
INSERT INTO `work_info` VALUES('C00001006','11');
INSERT INTO `work_info` VALUES('C00001007','11');
INSERT INTO `work_info` VALUES('C00001008','11');
INSERT INTO `work_info` VALUES('C00000001','12');
INSERT INTO `work_info` VALUES('C00000010','12');
INSERT INTO `work_info` VALUES('C00000011','12');
INSERT INTO `work_info` VALUES('C00000012','12');
INSERT INTO `work_info` VALUES('C00000013','12');
INSERT INTO `work_info` VALUES('C00000014','12');
INSERT INTO `work_info` VALUES('C00000015','12');
INSERT INTO `work_info` VALUES('C00000016','12');
INSERT INTO `work_info` VALUES('C00000017','12');
INSERT INTO `work_info` VALUES('C00000021','12');
INSERT INTO `work_info` VALUES('C00000022','12');
INSERT INTO `work_info` VALUES('C00000023','12');
INSERT INTO `work_info` VALUES('C00000024','12');
INSERT INTO `work_info` VALUES('C00000025','12');
INSERT INTO `work_info` VALUES('C00000031','12');
INSERT INTO `work_info` VALUES('C00000032','12');
INSERT INTO `work_info` VALUES('C00000033','12');
INSERT INTO `work_info` VALUES('C00000034','12');
INSERT INTO `work_info` VALUES('C00000035','12');
INSERT INTO `work_info` VALUES('C00000036','12');
INSERT INTO `work_info` VALUES('C00000037','12');
INSERT INTO `work_info` VALUES('C00000038','12');
INSERT INTO `work_info` VALUES('C00000041','12');
INSERT INTO `work_info` VALUES('C00000042','12');
INSERT INTO `work_info` VALUES('C00000043','12');
INSERT INTO `work_info` VALUES('C00000044','12');
INSERT INTO `work_info` VALUES('C00000045','12');
INSERT INTO `work_info` VALUES('C00000046','12');
INSERT INTO `work_info` VALUES('C00000047','12');
INSERT INTO `work_info` VALUES('C00000048','12');
INSERT INTO `work_info` VALUES('C00000103','12');
INSERT INTO `work_info` VALUES('C00001002','12');
INSERT INTO `work_info` VALUES('C00001004','12');
INSERT INTO `work_info` VALUES('C00001005','12');
INSERT INTO `work_info` VALUES('C00000001','13');
INSERT INTO `work_info` VALUES('C00000010','13');
INSERT INTO `work_info` VALUES('C00000011','13');
INSERT INTO `work_info` VALUES('C00000012','13');
INSERT INTO `work_info` VALUES('C00000013','13');
INSERT INTO `work_info` VALUES('C00000014','13');
INSERT INTO `work_info` VALUES('C00000015','13');
INSERT INTO `work_info` VALUES('C00000016','13');
INSERT INTO `work_info` VALUES('C00000021','13');
INSERT INTO `work_info` VALUES('C00000022','13');
INSERT INTO `work_info` VALUES('C00000023','13');
INSERT INTO `work_info` VALUES('C00000024','13');
INSERT INTO `work_info` VALUES('C00000025','13');
INSERT INTO `work_info` VALUES('C00000026','13');
INSERT INTO `work_info` VALUES('C00000027','13');
INSERT INTO `work_info` VALUES('C00000028','13');
INSERT INTO `work_info` VALUES('C00000029','13');
INSERT INTO `work_info` VALUES('C00000031','13');
INSERT INTO `work_info` VALUES('C00000032','13');
INSERT INTO `work_info` VALUES('C00000033','13');
INSERT INTO `work_info` VALUES('C00000041','13');
INSERT INTO `work_info` VALUES('C00000042','13');
INSERT INTO `work_info` VALUES('C00000043','13');
INSERT INTO `work_info` VALUES('C00000044','13');
INSERT INTO `work_info` VALUES('C00000045','13');
INSERT INTO `work_info` VALUES('C00000046','13');
INSERT INTO `work_info` VALUES('C00000047','13');
INSERT INTO `work_info` VALUES('C00000048','13');
INSERT INTO `work_info` VALUES('C00000049','13');
INSERT INTO `work_info` VALUES('C00000050','13');
INSERT INTO `work_info` VALUES('C00000103','13');
INSERT INTO `work_info` VALUES('C00000001','14');
INSERT INTO `work_info` VALUES('C00000003','14');
INSERT INTO `work_info` VALUES('C00000010','14');
INSERT INTO `work_info` VALUES('C00000011','14');
INSERT INTO `work_info` VALUES('C00000012','14');
INSERT INTO `work_info` VALUES('C00000013','14');
INSERT INTO `work_info` VALUES('C00000014','14');
INSERT INTO `work_info` VALUES('C00000015','14');
INSERT INTO `work_info` VALUES('C00000016','14');
INSERT INTO `work_info` VALUES('C00000017','14');
INSERT INTO `work_info` VALUES('C00000018','14');
INSERT INTO `work_info` VALUES('C00000019','14');
INSERT INTO `work_info` VALUES('C00000021','14');
INSERT INTO `work_info` VALUES('C00000022','14');
INSERT INTO `work_info` VALUES('C00000023','14');
INSERT INTO `work_info` VALUES('C00000024','14');
INSERT INTO `work_info` VALUES('C00000025','14');
INSERT INTO `work_info` VALUES('C00000026','14');
INSERT INTO `work_info` VALUES('C00000027','14');
INSERT INTO `work_info` VALUES('C00000031','14');
INSERT INTO `work_info` VALUES('C00000032','14');
INSERT INTO `work_info` VALUES('C00000033','14');
INSERT INTO `work_info` VALUES('C00000034','14');
INSERT INTO `work_info` VALUES('C00000035','14');
INSERT INTO `work_info` VALUES('C00000036','14');
INSERT INTO `work_info` VALUES('C00000037','14');
INSERT INTO `work_info` VALUES('C00000038','14');
INSERT INTO `work_info` VALUES('C00000039','14');
INSERT INTO `work_info` VALUES('C00000040','14');
INSERT INTO `work_info` VALUES('C00000041','14');
INSERT INTO `work_info` VALUES('C00000042','14');
INSERT INTO `work_info` VALUES('C00000043','14');
INSERT INTO `work_info` VALUES('C00000044','14');
INSERT INTO `work_info` VALUES('C00000045','14');
INSERT INTO `work_info` VALUES('C00000046','14');
INSERT INTO `work_info` VALUES('C00000047','14');
INSERT INTO `work_info` VALUES('C00000048','14');
INSERT INTO `work_info` VALUES('C00000001','15');
INSERT INTO `work_info` VALUES('C00000010','15');
INSERT INTO `work_info` VALUES('C00000011','15');
INSERT INTO `work_info` VALUES('C00000012','15');
INSERT INTO `work_info` VALUES('C00000013','15');
INSERT INTO `work_info` VALUES('C00000014','15');
INSERT INTO `work_info` VALUES('C00000015','15');
INSERT INTO `work_info` VALUES('C00000016','15');
INSERT INTO `work_info` VALUES('C00000021','15');
INSERT INTO `work_info` VALUES('C00000022','15');
INSERT INTO `work_info` VALUES('C00000023','15');
INSERT INTO `work_info` VALUES('C00000024','15');
INSERT INTO `work_info` VALUES('C00000025','15');
INSERT INTO `work_info` VALUES('C00000026','15');
INSERT INTO `work_info` VALUES('C00000027','15');
INSERT INTO `work_info` VALUES('C00000028','15');
INSERT INTO `work_info` VALUES('C00000031','15');
INSERT INTO `work_info` VALUES('C00000032','15');
INSERT INTO `work_info` VALUES('C00000033','15');
INSERT INTO `work_info` VALUES('C00000034','15');
INSERT INTO `work_info` VALUES('C00000035','15');
INSERT INTO `work_info` VALUES('C00000036','15');
INSERT INTO `work_info` VALUES('C00000037','15');
INSERT INTO `work_info` VALUES('C00000038','15');
INSERT INTO `work_info` VALUES('C00000039','15');
INSERT INTO `work_info` VALUES('C00000041','15');
INSERT INTO `work_info` VALUES('C00000042','15');
INSERT INTO `work_info` VALUES('C00000043','15');
INSERT INTO `work_info` VALUES('C00000044','15');
INSERT INTO `work_info` VALUES('C00000045','15');
INSERT INTO `work_info` VALUES('C00000046','15');
INSERT INTO `work_info` VALUES('C00000047','15');
INSERT INTO `work_info` VALUES('C00000103','15');
INSERT INTO `work_info` VALUES('C00001002','15');
INSERT INTO `work_info` VALUES('C00001004','15');
INSERT INTO `work_info` VALUES('C00001005','15');
INSERT INTO `work_info` VALUES('C00001006','15');
INSERT INTO `work_info` VALUES('C00000001','16');
INSERT INTO `work_info` VALUES('C00000003','16');
INSERT INTO `work_info` VALUES('C00000010','16');
INSERT INTO `work_info` VALUES('C00000011','16');
INSERT INTO `work_info` VALUES('C00000012','16');
INSERT INTO `work_info` VALUES('C00000013','16');
INSERT INTO `work_info` VALUES('C00000021','16');
INSERT INTO `work_info` VALUES('C00000022','16');
INSERT INTO `work_info` VALUES('C00000023','16');
INSERT INTO `work_info` VALUES('C00000024','16');
INSERT INTO `work_info` VALUES('C00000025','16');
INSERT INTO `work_info` VALUES('C00000026','16');
INSERT INTO `work_info` VALUES('C00000027','16');
INSERT INTO `work_info` VALUES('C00000028','16');
INSERT INTO `work_info` VALUES('C00000031','16');
INSERT INTO `work_info` VALUES('C00000032','16');
INSERT INTO `work_info` VALUES('C00000033','16');
INSERT INTO `work_info` VALUES('C00000034','16');
INSERT INTO `work_info` VALUES('C00000035','16');
INSERT INTO `work_info` VALUES('C00000036','16');
INSERT INTO `work_info` VALUES('C00000037','16');
INSERT INTO `work_info` VALUES('C00000041','16');
INSERT INTO `work_info` VALUES('C00001002','16');
INSERT INTO `work_info` VALUES('C00000001','17');
INSERT INTO `work_info` VALUES('C00000003','17');
INSERT INTO `work_info` VALUES('C00000010','17');
INSERT INTO `work_info` VALUES('C00000011','17');
INSERT INTO `work_info` VALUES('C00000012','17');
INSERT INTO `work_info` VALUES('C00000013','17');
INSERT INTO `work_info` VALUES('C00000014','17');
INSERT INTO `work_info` VALUES('C00000015','17');
INSERT INTO `work_info` VALUES('C00000016','17');
INSERT INTO `work_info` VALUES('C00000017','17');
INSERT INTO `work_info` VALUES('C00000018','17');
INSERT INTO `work_info` VALUES('C00000021','17');
INSERT INTO `work_info` VALUES('C00000022','17');
INSERT INTO `work_info` VALUES('C00000023','17');
INSERT INTO `work_info` VALUES('C00000024','17');
INSERT INTO `work_info` VALUES('C00000025','17');
INSERT INTO `work_info` VALUES('C00000026','17');
INSERT INTO `work_info` VALUES('C00000027','17');
INSERT INTO `work_info` VALUES('C00000028','17');
INSERT INTO `work_info` VALUES('C00000031','17');
INSERT INTO `work_info` VALUES('C00000032','17');
INSERT INTO `work_info` VALUES('C00000033','17');
INSERT INTO `work_info` VALUES('C00000034','17');
INSERT INTO `work_info` VALUES('C00000035','17');
INSERT INTO `work_info` VALUES('C00000036','17');
INSERT INTO `work_info` VALUES('C00000041','17');
INSERT INTO `work_info` VALUES('C00000042','17');
INSERT INTO `work_info` VALUES('C00000043','17');
INSERT INTO `work_info` VALUES('C00000044','17');
INSERT INTO `work_info` VALUES('C00000045','17');
INSERT INTO `work_info` VALUES('C00000103','17');
INSERT INTO `work_info` VALUES('C00001002','17');
INSERT INTO `work_info` VALUES('C00001004','17');
INSERT INTO `work_info` VALUES('C00000001','18');
INSERT INTO `work_info` VALUES('C00000003','18');
INSERT INTO `work_info` VALUES('C00000010','18');
INSERT INTO `work_info` VALUES('C00000011','18');
INSERT INTO `work_info` VALUES('C00000012','18');
INSERT INTO `work_info` VALUES('C00000013','18');
INSERT INTO `work_info` VALUES('C00000014','18');
INSERT INTO `work_info` VALUES('C00000015','18');
INSERT INTO `work_info` VALUES('C00000016','18');
INSERT INTO `work_info` VALUES('C00000017','18');
INSERT INTO `work_info` VALUES('C00000018','18');
INSERT INTO `work_info` VALUES('C00000021','18');
INSERT INTO `work_info` VALUES('C00000022','18');
INSERT INTO `work_info` VALUES('C00000023','18');
INSERT INTO `work_info` VALUES('C00000024','18');
INSERT INTO `work_info` VALUES('C00000031','18');
INSERT INTO `work_info` VALUES('C00000032','18');
INSERT INTO `work_info` VALUES('C00000033','18');
INSERT INTO `work_info` VALUES('C00000034','18');
INSERT INTO `work_info` VALUES('C00000035','18');
INSERT INTO `work_info` VALUES('C00000036','18');
INSERT INTO `work_info` VALUES('C00000037','18');
INSERT INTO `work_info` VALUES('C00000038','18');
INSERT INTO `work_info` VALUES('C00000039','18');
INSERT INTO `work_info` VALUES('C00000041','18');
INSERT INTO `work_info` VALUES('C00000042','18');
INSERT INTO `work_info` VALUES('C00000043','18');
INSERT INTO `work_info` VALUES('C00000044','18');
INSERT INTO `work_info` VALUES('C00000045','18');
INSERT INTO `work_info` VALUES('C00000046','18');
INSERT INTO `work_info` VALUES('C00000047','18');
INSERT INTO `work_info` VALUES('C00000048','18');
INSERT INTO `work_info` VALUES('C00000049','18');
INSERT INTO `work_info` VALUES('C00000050','18');
INSERT INTO `work_info` VALUES('C00000103','18');
INSERT INTO `work_info` VALUES('C00001002','18');
INSERT INTO `work_info` VALUES('C00001004','18');
INSERT INTO `work_info` VALUES('C00001005','18');
INSERT INTO `work_info` VALUES('C00000001','19');
INSERT INTO `work_info` VALUES('C00000003','19');
INSERT INTO `work_info` VALUES('C00000010','19');
INSERT INTO `work_info` VALUES('C00000011','19');
INSERT INTO `work_info` VALUES('C00000012','19');
INSERT INTO `work_info` VALUES('C00000013','19');
INSERT INTO `work_info` VALUES('C00000014','19');
INSERT INTO `work_info` VALUES('C00000015','19');
INSERT INTO `work_info` VALUES('C00000016','19');
INSERT INTO `work_info` VALUES('C00000017','19');
INSERT INTO `work_info` VALUES('C00000021','19');
INSERT INTO `work_info` VALUES('C00000022','19');
INSERT INTO `work_info` VALUES('C00000023','19');
INSERT INTO `work_info` VALUES('C00000024','19');
INSERT INTO `work_info` VALUES('C00000025','19');
INSERT INTO `work_info` VALUES('C00000026','19');
INSERT INTO `work_info` VALUES('C00000031','19');
INSERT INTO `work_info` VALUES('C00000032','19');
INSERT INTO `work_info` VALUES('C00000033','19');
INSERT INTO `work_info` VALUES('C00000034','19');
INSERT INTO `work_info` VALUES('C00000035','19');
INSERT INTO `work_info` VALUES('C00000036','19');
INSERT INTO `work_info` VALUES('C00000041','19');
INSERT INTO `work_info` VALUES('C00000042','19');
INSERT INTO `work_info` VALUES('C00000043','19');
INSERT INTO `work_info` VALUES('C00000044','19');
INSERT INTO `work_info` VALUES('C00000045','19');
INSERT INTO `work_info` VALUES('C00000046','19');
INSERT INTO `work_info` VALUES('C00000047','19');
INSERT INTO `work_info` VALUES('C00000103','19');
INSERT INTO `work_info` VALUES('C00001002','19');
INSERT INTO `work_info` VALUES('C00001004','19');
INSERT INTO `work_info` VALUES('C00001005','19');
INSERT INTO `work_info` VALUES('C00000001','20');
INSERT INTO `work_info` VALUES('C00000003','20');
INSERT INTO `work_info` VALUES('C00000010','20');
INSERT INTO `work_info` VALUES('C00000011','20');
INSERT INTO `work_info` VALUES('C00000012','20');
INSERT INTO `work_info` VALUES('C00000013','20');
INSERT INTO `work_info` VALUES('C00000014','20');
INSERT INTO `work_info` VALUES('C00000015','20');
INSERT INTO `work_info` VALUES('C00000016','20');
INSERT INTO `work_info` VALUES('C00000017','20');
INSERT INTO `work_info` VALUES('C00000018','20');
INSERT INTO `work_info` VALUES('C00000019','20');
INSERT INTO `work_info` VALUES('C00000021','20');
INSERT INTO `work_info` VALUES('C00000022','20');
INSERT INTO `work_info` VALUES('C00000023','20');
INSERT INTO `work_info` VALUES('C00000024','20');
INSERT INTO `work_info` VALUES('C00000025','20');
INSERT INTO `work_info` VALUES('C00000026','20');
INSERT INTO `work_info` VALUES('C00000027','20');
INSERT INTO `work_info` VALUES('C00000028','20');
INSERT INTO `work_info` VALUES('C00000029','20');
INSERT INTO `work_info` VALUES('C00000031','20');
INSERT INTO `work_info` VALUES('C00000041','20');
INSERT INTO `work_info` VALUES('C00000042','20');
INSERT INTO `work_info` VALUES('C00000043','20');
INSERT INTO `work_info` VALUES('C00000001','21');
INSERT INTO `work_info` VALUES('C00000011','21');
INSERT INTO `work_info` VALUES('C00000012','21');
INSERT INTO `work_info` VALUES('C00000013','21');
INSERT INTO `work_info` VALUES('C00000021','21');
INSERT INTO `work_info` VALUES('C00000022','21');
INSERT INTO `work_info` VALUES('C00000023','21');
INSERT INTO `work_info` VALUES('C00000024','21');
INSERT INTO `work_info` VALUES('C00000025','21');
INSERT INTO `work_info` VALUES('C00000026','21');
INSERT INTO `work_info` VALUES('C00000031','21');
INSERT INTO `work_info` VALUES('C00000032','21');
INSERT INTO `work_info` VALUES('C00000033','21');
INSERT INTO `work_info` VALUES('C00000034','21');
INSERT INTO `work_info` VALUES('C00000035','21');
INSERT INTO `work_info` VALUES('C00000036','21');
INSERT INTO `work_info` VALUES('C00000037','21');
INSERT INTO `work_info` VALUES('C00000041','21');
INSERT INTO `work_info` VALUES('C00000042','21');
INSERT INTO `work_info` VALUES('C00000043','21');
INSERT INTO `work_info` VALUES('C00000044','21');
INSERT INTO `work_info` VALUES('C00000001','22');
INSERT INTO `work_info` VALUES('C00000003','22');
INSERT INTO `work_info` VALUES('C00000010','22');
INSERT INTO `work_info` VALUES('C00000011','22');
INSERT INTO `work_info` VALUES('C00000012','22');
INSERT INTO `work_info` VALUES('C00000013','22');
INSERT INTO `work_info` VALUES('C00000014','22');
INSERT INTO `work_info` VALUES('C00000015','22');
INSERT INTO `work_info` VALUES('C00000016','22');
INSERT INTO `work_info` VALUES('C00000017','22');
INSERT INTO `work_info` VALUES('C00000021','22');
INSERT INTO `work_info` VALUES('C00000022','22');
INSERT INTO `work_info` VALUES('C00000031','22');
INSERT INTO `work_info` VALUES('C00000032','22');
INSERT INTO `work_info` VALUES('C00000033','22');
INSERT INTO `work_info` VALUES('C00000034','22');
INSERT INTO `work_info` VALUES('C00000035','22');
INSERT INTO `work_info` VALUES('C00000036','22');
INSERT INTO `work_info` VALUES('C00000037','22');
INSERT INTO `work_info` VALUES('C00000038','22');
INSERT INTO `work_info` VALUES('C00000039','22');
INSERT INTO `work_info` VALUES('C00000040','22');
INSERT INTO `work_info` VALUES('C00000041','22');
INSERT INTO `work_info` VALUES('C00000042','22');
INSERT INTO `work_info` VALUES('C00000043','22');
INSERT INTO `work_info` VALUES('C00000044','22');
INSERT INTO `work_info` VALUES('C00000045','22');
INSERT INTO `work_info` VALUES('C00000046','22');
INSERT INTO `work_info` VALUES('C00000047','22');
INSERT INTO `work_info` VALUES('C00000048','22');
INSERT INTO `work_info` VALUES('C00000049','22');
INSERT INTO `work_info` VALUES('C00000050','22');
INSERT INTO `work_info` VALUES('C00000103','22');
INSERT INTO `work_info` VALUES('C00001002','22');
INSERT INTO `work_info` VALUES('C00001004','22');
INSERT INTO `work_info` VALUES('C00001005','22');
INSERT INTO `work_info` VALUES('C00001006','22');
INSERT INTO `work_info` VALUES('C00000001','23');
INSERT INTO `work_info` VALUES('C00000003','23');
INSERT INTO `work_info` VALUES('C00000011','23');
INSERT INTO `work_info` VALUES('C00000012','23');
INSERT INTO `work_info` VALUES('C00000013','23');
INSERT INTO `work_info` VALUES('C00000014','23');
INSERT INTO `work_info` VALUES('C00000015','23');
INSERT INTO `work_info` VALUES('C00000016','23');
INSERT INTO `work_info` VALUES('C00000017','23');
INSERT INTO `work_info` VALUES('C00000018','23');
INSERT INTO `work_info` VALUES('C00000021','23');
INSERT INTO `work_info` VALUES('C00000022','23');
INSERT INTO `work_info` VALUES('C00000031','23');
INSERT INTO `work_info` VALUES('C00000032','23');
INSERT INTO `work_info` VALUES('C00000033','23');
INSERT INTO `work_info` VALUES('C00000034','23');
INSERT INTO `work_info` VALUES('C00000035','23');
INSERT INTO `work_info` VALUES('C00000036','23');
INSERT INTO `work_info` VALUES('C00000037','23');
INSERT INTO `work_info` VALUES('C00000038','23');
INSERT INTO `work_info` VALUES('C00000039','23');
INSERT INTO `work_info` VALUES('C00000040','23');
INSERT INTO `work_info` VALUES('C00000041','23');
INSERT INTO `work_info` VALUES('C00000042','23');
INSERT INTO `work_info` VALUES('C00000043','23');
INSERT INTO `work_info` VALUES('C00000044','23');
INSERT INTO `work_info` VALUES('C00000045','23');
INSERT INTO `work_info` VALUES('C00000046','23');
INSERT INTO `work_info` VALUES('C00000047','23');
INSERT INTO `work_info` VALUES('C00000048','23');
INSERT INTO `work_info` VALUES('C00000049','23');
INSERT INTO `work_info` VALUES('C00000001','24');
INSERT INTO `work_info` VALUES('C00000003','24');
INSERT INTO `work_info` VALUES('C00000010','24');
INSERT INTO `work_info` VALUES('C00000011','24');
INSERT INTO `work_info` VALUES('C00000012','24');
INSERT INTO `work_info` VALUES('C00000013','24');
INSERT INTO `work_info` VALUES('C00000014','24');
INSERT INTO `work_info` VALUES('C00000015','24');
INSERT INTO `work_info` VALUES('C00000016','24');
INSERT INTO `work_info` VALUES('C00000021','24');
INSERT INTO `work_info` VALUES('C00000022','24');
INSERT INTO `work_info` VALUES('C00000023','24');
INSERT INTO `work_info` VALUES('C00000024','24');
INSERT INTO `work_info` VALUES('C00000031','24');
INSERT INTO `work_info` VALUES('C00000032','24');
INSERT INTO `work_info` VALUES('C00000033','24');
INSERT INTO `work_info` VALUES('C00000034','24');
INSERT INTO `work_info` VALUES('C00000035','24');
INSERT INTO `work_info` VALUES('C00000036','24');
INSERT INTO `work_info` VALUES('C00000037','24');
INSERT INTO `work_info` VALUES('C00000038','24');
INSERT INTO `work_info` VALUES('C00000039','24');
INSERT INTO `work_info` VALUES('C00000040','24');
INSERT INTO `work_info` VALUES('C00000041','24');
INSERT INTO `work_info` VALUES('C00000042','24');
INSERT INTO `work_info` VALUES('C00000043','24');
INSERT INTO `work_info` VALUES('C00000044','24');
INSERT INTO `work_info` VALUES('C00000045','24');
INSERT INTO `work_info` VALUES('C00001002','24');
INSERT INTO `work_info` VALUES('C00000001','25');
INSERT INTO `work_info` VALUES('C00000003','25');
INSERT INTO `work_info` VALUES('C00000010','25');
INSERT INTO `work_info` VALUES('C00000011','25');
INSERT INTO `work_info` VALUES('C00000012','25');
INSERT INTO `work_info` VALUES('C00000013','25');
INSERT INTO `work_info` VALUES('C00000014','25');
INSERT INTO `work_info` VALUES('C00000015','25');
INSERT INTO `work_info` VALUES('C00000021','25');
INSERT INTO `work_info` VALUES('C00000022','25');
INSERT INTO `work_info` VALUES('C00000031','25');
INSERT INTO `work_info` VALUES('C00000032','25');
INSERT INTO `work_info` VALUES('C00000033','25');
INSERT INTO `work_info` VALUES('C00000034','25');
INSERT INTO `work_info` VALUES('C00000035','25');
INSERT INTO `work_info` VALUES('C00000036','25');
INSERT INTO `work_info` VALUES('C00000037','25');
INSERT INTO `work_info` VALUES('C00000038','25');
INSERT INTO `work_info` VALUES('C00000039','25');
INSERT INTO `work_info` VALUES('C00000040','25');
INSERT INTO `work_info` VALUES('C00000041','25');
INSERT INTO `work_info` VALUES('C00000042','25');
INSERT INTO `work_info` VALUES('C00000043','25');
INSERT INTO `work_info` VALUES('C00000044','25');
INSERT INTO `work_info` VALUES('C00000045','25');
INSERT INTO `work_info` VALUES('C00000046','25');
INSERT INTO `work_info` VALUES('C00001002','25');
INSERT INTO `work_info` VALUES('C00000001','26');
INSERT INTO `work_info` VALUES('C00000003','26');
INSERT INTO `work_info` VALUES('C00000010','26');
INSERT INTO `work_info` VALUES('C00000011','26');
INSERT INTO `work_info` VALUES('C00000012','26');
INSERT INTO `work_info` VALUES('C00000013','26');
INSERT INTO `work_info` VALUES('C00000014','26');
INSERT INTO `work_info` VALUES('C00000015','26');
INSERT INTO `work_info` VALUES('C00000016','26');
INSERT INTO `work_info` VALUES('C00000017','26');
INSERT INTO `work_info` VALUES('C00000021','26');
INSERT INTO `work_info` VALUES('C00000022','26');
INSERT INTO `work_info` VALUES('C00000023','26');
INSERT INTO `work_info` VALUES('C00000024','26');
INSERT INTO `work_info` VALUES('C00000025','26');
INSERT INTO `work_info` VALUES('C00000026','26');
INSERT INTO `work_info` VALUES('C00000027','26');
INSERT INTO `work_info` VALUES('C00000028','26');
INSERT INTO `work_info` VALUES('C00000029','26');
INSERT INTO `work_info` VALUES('C00000031','26');
INSERT INTO `work_info` VALUES('C00000032','26');
INSERT INTO `work_info` VALUES('C00000033','26');
INSERT INTO `work_info` VALUES('C00000034','26');
INSERT INTO `work_info` VALUES('C00000035','26');
INSERT INTO `work_info` VALUES('C00000036','26');
INSERT INTO `work_info` VALUES('C00000037','26');
INSERT INTO `work_info` VALUES('C00000041','26');
INSERT INTO `work_info` VALUES('C00000042','26');
INSERT INTO `work_info` VALUES('C00000043','26');
INSERT INTO `work_info` VALUES('C00000044','26');
INSERT INTO `work_info` VALUES('C00001002','26');
INSERT INTO `work_info` VALUES('C00000001','27');
INSERT INTO `work_info` VALUES('C00000003','27');
INSERT INTO `work_info` VALUES('C00000010','27');
INSERT INTO `work_info` VALUES('C00000011','27');
INSERT INTO `work_info` VALUES('C00000012','27');
INSERT INTO `work_info` VALUES('C00000013','27');
INSERT INTO `work_info` VALUES('C00000014','27');
INSERT INTO `work_info` VALUES('C00000015','27');
INSERT INTO `work_info` VALUES('C00000016','27');
INSERT INTO `work_info` VALUES('C00000017','27');
INSERT INTO `work_info` VALUES('C00000018','27');
INSERT INTO `work_info` VALUES('C00000019','27');
INSERT INTO `work_info` VALUES('C00000020','27');
INSERT INTO `work_info` VALUES('C00000021','27');
INSERT INTO `work_info` VALUES('C00000022','27');
INSERT INTO `work_info` VALUES('C00000023','27');
INSERT INTO `work_info` VALUES('C00000024','27');
INSERT INTO `work_info` VALUES('C00000025','27');
INSERT INTO `work_info` VALUES('C00000026','27');
INSERT INTO `work_info` VALUES('C00000027','27');
INSERT INTO `work_info` VALUES('C00000031','27');
INSERT INTO `work_info` VALUES('C00000032','27');
INSERT INTO `work_info` VALUES('C00000033','27');
INSERT INTO `work_info` VALUES('C00000034','27');
INSERT INTO `work_info` VALUES('C00000035','27');
INSERT INTO `work_info` VALUES('C00000036','27');
INSERT INTO `work_info` VALUES('C00000041','27');
INSERT INTO `work_info` VALUES('C00000042','27');
INSERT INTO `work_info` VALUES('C00000043','27');
INSERT INTO `work_info` VALUES('C00000044','27');
INSERT INTO `work_info` VALUES('C00000103','27');
INSERT INTO `work_info` VALUES('C00001002','27');
INSERT INTO `work_info` VALUES('C00001004','27');
INSERT INTO `work_info` VALUES('C00001005','27');
INSERT INTO `work_info` VALUES('C00001006','27');
INSERT INTO `work_info` VALUES('C00000003','28');
INSERT INTO `work_info` VALUES('C00000010','28');
INSERT INTO `work_info` VALUES('C00000011','28');
INSERT INTO `work_info` VALUES('C00000012','28');
INSERT INTO `work_info` VALUES('C00000013','28');
INSERT INTO `work_info` VALUES('C00000014','28');
INSERT INTO `work_info` VALUES('C00000015','28');
INSERT INTO `work_info` VALUES('C00000016','28');
INSERT INTO `work_info` VALUES('C00000017','28');
INSERT INTO `work_info` VALUES('C00000021','28');
INSERT INTO `work_info` VALUES('C00000022','28');
INSERT INTO `work_info` VALUES('C00000023','28');
INSERT INTO `work_info` VALUES('C00000024','28');
INSERT INTO `work_info` VALUES('C00000025','28');
INSERT INTO `work_info` VALUES('C00000026','28');
INSERT INTO `work_info` VALUES('C00000027','28');
INSERT INTO `work_info` VALUES('C00000028','28');
INSERT INTO `work_info` VALUES('C00000029','28');
INSERT INTO `work_info` VALUES('C00000031','28');
INSERT INTO `work_info` VALUES('C00000032','28');
INSERT INTO `work_info` VALUES('C00000033','28');
INSERT INTO `work_info` VALUES('C00000034','28');
INSERT INTO `work_info` VALUES('C00000035','28');
INSERT INTO `work_info` VALUES('C00000036','28');
INSERT INTO `work_info` VALUES('C00000037','28');
INSERT INTO `work_info` VALUES('C00000041','28');
INSERT INTO `work_info` VALUES('C00000042','28');
INSERT INTO `work_info` VALUES('C00000043','28');
INSERT INTO `work_info` VALUES('C00000044','28');
INSERT INTO `work_info` VALUES('C00000045','28');
INSERT INTO `work_info` VALUES('C00000103','28');
INSERT INTO `work_info` VALUES('C00001002','28');
INSERT INTO `work_info` VALUES('C00001004','28');
INSERT INTO `work_info` VALUES('C00001005','28');
INSERT INTO `work_info` VALUES('C00001006','28');
INSERT INTO `work_info` VALUES('C00000001','29');
INSERT INTO `work_info` VALUES('C00000003','29');
INSERT INTO `work_info` VALUES('C00000010','29');
INSERT INTO `work_info` VALUES('C00000011','29');
INSERT INTO `work_info` VALUES('C00000012','29');
INSERT INTO `work_info` VALUES('C00000013','29');
INSERT INTO `work_info` VALUES('C00000014','29');
INSERT INTO `work_info` VALUES('C00000015','29');
INSERT INTO `work_info` VALUES('C00000021','29');
INSERT INTO `work_info` VALUES('C00000022','29');
INSERT INTO `work_info` VALUES('C00000023','29');
INSERT INTO `work_info` VALUES('C00000031','29');
INSERT INTO `work_info` VALUES('C00000032','29');
INSERT INTO `work_info` VALUES('C00000033','29');
INSERT INTO `work_info` VALUES('C00000034','29');
INSERT INTO `work_info` VALUES('C00000035','29');
INSERT INTO `work_info` VALUES('C00000036','29');
INSERT INTO `work_info` VALUES('C00000037','29');
INSERT INTO `work_info` VALUES('C00000038','29');
INSERT INTO `work_info` VALUES('C00000039','29');
INSERT INTO `work_info` VALUES('C00000041','29');
INSERT INTO `work_info` VALUES('C00000042','29');
INSERT INTO `work_info` VALUES('C00000043','29');
INSERT INTO `work_info` VALUES('C00000044','29');
INSERT INTO `work_info` VALUES('C00000045','29');
INSERT INTO `work_info` VALUES('C00000103','29');
INSERT INTO `work_info` VALUES('C00001002','29');
INSERT INTO `work_info` VALUES('C00000001','30');
INSERT INTO `work_info` VALUES('C00000010','30');
INSERT INTO `work_info` VALUES('C00000011','30');
INSERT INTO `work_info` VALUES('C00000012','30');
INSERT INTO `work_info` VALUES('C00000013','30');
INSERT INTO `work_info` VALUES('C00000014','30');
INSERT INTO `work_info` VALUES('C00000015','30');
INSERT INTO `work_info` VALUES('C00000016','30');
INSERT INTO `work_info` VALUES('C00000021','30');
INSERT INTO `work_info` VALUES('C00000022','30');
INSERT INTO `work_info` VALUES('C00000023','30');
INSERT INTO `work_info` VALUES('C00000024','30');
INSERT INTO `work_info` VALUES('C00000025','30');
INSERT INTO `work_info` VALUES('C00000026','30');
INSERT INTO `work_info` VALUES('C00000027','30');
INSERT INTO `work_info` VALUES('C00000028','30');
INSERT INTO `work_info` VALUES('C00000031','30');
INSERT INTO `work_info` VALUES('C00000032','30');
INSERT INTO `work_info` VALUES('C00000033','30');
INSERT INTO `work_info` VALUES('C00000041','30');
INSERT INTO `work_info` VALUES('C00000042','30');
INSERT INTO `work_info` VALUES('C00000043','30');
INSERT INTO `work_info` VALUES('C00000044','30');
INSERT INTO `work_info` VALUES('C00000045','30');
INSERT INTO `work_info` VALUES('C00000046','30');
INSERT INTO `work_info` VALUES('C00000047','30');
INSERT INTO `work_info` VALUES('C00000048','30');
INSERT INTO `work_info` VALUES('C00000049','30');
INSERT INTO `work_info` VALUES('C00000103','30');
INSERT INTO `work_info` VALUES('C00001002','30');
INSERT INTO `work_info` VALUES('C00001004','30');
INSERT INTO `work_info` VALUES('C00001005','30');
INSERT INTO `work_info` VALUES('C00000001','31');
INSERT INTO `work_info` VALUES('C00000003','31');
INSERT INTO `work_info` VALUES('C00000010','31');
INSERT INTO `work_info` VALUES('C00000011','31');
INSERT INTO `work_info` VALUES('C00000012','31');
INSERT INTO `work_info` VALUES('C00000021','31');
INSERT INTO `work_info` VALUES('C00000022','31');
INSERT INTO `work_info` VALUES('C00000023','31');
INSERT INTO `work_info` VALUES('C00000024','31');
INSERT INTO `work_info` VALUES('C00000025','31');
INSERT INTO `work_info` VALUES('C00000026','31');
INSERT INTO `work_info` VALUES('C00000027','31');
INSERT INTO `work_info` VALUES('C00000028','31');
INSERT INTO `work_info` VALUES('C00000029','31');
INSERT INTO `work_info` VALUES('C00000030','31');
INSERT INTO `work_info` VALUES('C00000031','31');
INSERT INTO `work_info` VALUES('C00000032','31');
INSERT INTO `work_info` VALUES('C00000033','31');
INSERT INTO `work_info` VALUES('C00000034','31');
INSERT INTO `work_info` VALUES('C00000035','31');
INSERT INTO `work_info` VALUES('C00000036','31');
INSERT INTO `work_info` VALUES('C00000037','31');
INSERT INTO `work_info` VALUES('C00000041','31');
INSERT INTO `work_info` VALUES('C00000042','31');
INSERT INTO `work_info` VALUES('C00000043','31');
INSERT INTO `work_info` VALUES('C00000044','31');
INSERT INTO `work_info` VALUES('C00000045','31');
INSERT INTO `work_info` VALUES('C00000046','31');
INSERT INTO `work_info` VALUES('C00000047','31');
INSERT INTO `work_info` VALUES('C00000048','31');
INSERT INTO `work_info` VALUES('C00000103','31');
INSERT INTO `work_info` VALUES('C00001002','31');
INSERT INTO `work_info` VALUES('C00001004','31');
INSERT INTO `work_info` VALUES('C00001005','31');
INSERT INTO `work_info` VALUES('C00001007','31');
INSERT INTO `work_info` VALUES('C00001008','31');
INSERT INTO `work_info` VALUES('C00000001','32');
INSERT INTO `work_info` VALUES('C00000010','32');
INSERT INTO `work_info` VALUES('C00000011','32');
INSERT INTO `work_info` VALUES('C00000012','32');
INSERT INTO `work_info` VALUES('C00000013','32');
INSERT INTO `work_info` VALUES('C00000021','32');
INSERT INTO `work_info` VALUES('C00000022','32');
INSERT INTO `work_info` VALUES('C00000023','32');
INSERT INTO `work_info` VALUES('C00000024','32');
INSERT INTO `work_info` VALUES('C00000025','32');
INSERT INTO `work_info` VALUES('C00000026','32');
INSERT INTO `work_info` VALUES('C00000027','32');
INSERT INTO `work_info` VALUES('C00000031','32');
INSERT INTO `work_info` VALUES('C00000032','32');
INSERT INTO `work_info` VALUES('C00000033','32');
INSERT INTO `work_info` VALUES('C00000034','32');
INSERT INTO `work_info` VALUES('C00000041','32');
INSERT INTO `work_info` VALUES('C00000103','32');
INSERT INTO `work_info` VALUES('C00001004','32');
INSERT INTO `work_info` VALUES('C00001005','32');
INSERT INTO `work_info` VALUES('C00001006','32');
INSERT INTO `work_info` VALUES('C00001007','32');
INSERT INTO `work_info` VALUES('C00001009','32');
INSERT INTO `work_info` VALUES('C00000001','33');
INSERT INTO `work_info` VALUES('C00000003','33');
INSERT INTO `work_info` VALUES('C00000011','33');
INSERT INTO `work_info` VALUES('C00000012','33');
INSERT INTO `work_info` VALUES('C00000013','33');
INSERT INTO `work_info` VALUES('C00000014','33');
INSERT INTO `work_info` VALUES('C00000015','33');
INSERT INTO `work_info` VALUES('C00000016','33');
INSERT INTO `work_info` VALUES('C00000017','33');
INSERT INTO `work_info` VALUES('C00000018','33');
INSERT INTO `work_info` VALUES('C00000019','33');
INSERT INTO `work_info` VALUES('C00000021','33');
INSERT INTO `work_info` VALUES('C00000022','33');
INSERT INTO `work_info` VALUES('C00000023','33');
INSERT INTO `work_info` VALUES('C00000031','33');
INSERT INTO `work_info` VALUES('C00000041','33');
INSERT INTO `work_info` VALUES('C00000042','33');
INSERT INTO `work_info` VALUES('C00000043','33');
INSERT INTO `work_info` VALUES('C00000044','33');
INSERT INTO `work_info` VALUES('C00000001','34');
INSERT INTO `work_info` VALUES('C00000003','34');
INSERT INTO `work_info` VALUES('C00000010','34');
INSERT INTO `work_info` VALUES('C00000011','34');
INSERT INTO `work_info` VALUES('C00000012','34');
INSERT INTO `work_info` VALUES('C00000013','34');
INSERT INTO `work_info` VALUES('C00000014','34');
INSERT INTO `work_info` VALUES('C00000021','34');
INSERT INTO `work_info` VALUES('C00000022','34');
INSERT INTO `work_info` VALUES('C00000031','34');
INSERT INTO `work_info` VALUES('C00000032','34');
INSERT INTO `work_info` VALUES('C00000041','34');
INSERT INTO `work_info` VALUES('C00000042','34');
INSERT INTO `work_info` VALUES('C00000043','34');
INSERT INTO `work_info` VALUES('C00000044','34');
INSERT INTO `work_info` VALUES('C00000045','34');
INSERT INTO `work_info` VALUES('C00000103','34');
INSERT INTO `work_info` VALUES('C00001002','34');
INSERT INTO `work_info` VALUES('C00001004','34');
INSERT INTO `work_info` VALUES('C00001005','34');
INSERT INTO `work_info` VALUES('C00001006','34');
INSERT INTO `work_info` VALUES('C00001007','34');
INSERT INTO `work_info` VALUES('C00001008','34');
INSERT INTO `work_info` VALUES('C00000010','35');
INSERT INTO `work_info` VALUES('C00000011','35');
INSERT INTO `work_info` VALUES('C00000012','35');
INSERT INTO `work_info` VALUES('C00000021','35');
INSERT INTO `work_info` VALUES('C00000022','35');
INSERT INTO `work_info` VALUES('C00000023','35');
INSERT INTO `work_info` VALUES('C00000024','35');
INSERT INTO `work_info` VALUES('C00000031','35');
INSERT INTO `work_info` VALUES('C00000032','35');
INSERT INTO `work_info` VALUES('C00000033','35');
INSERT INTO `work_info` VALUES('C00000034','35');
INSERT INTO `work_info` VALUES('C00000035','35');
INSERT INTO `work_info` VALUES('C00000036','35');
INSERT INTO `work_info` VALUES('C00000037','35');
INSERT INTO `work_info` VALUES('C00000038','35');
INSERT INTO `work_info` VALUES('C00000041','35');
INSERT INTO `work_info` VALUES('C00000103','35');
INSERT INTO `work_info` VALUES('C00001002','35');
INSERT INTO `work_info` VALUES('C00000001','36');
INSERT INTO `work_info` VALUES('C00000010','36');
INSERT INTO `work_info` VALUES('C00000011','36');
INSERT INTO `work_info` VALUES('C00000012','36');
INSERT INTO `work_info` VALUES('C00000013','36');
INSERT INTO `work_info` VALUES('C00000014','36');
INSERT INTO `work_info` VALUES('C00000015','36');
INSERT INTO `work_info` VALUES('C00000016','36');
INSERT INTO `work_info` VALUES('C00000017','36');
INSERT INTO `work_info` VALUES('C00000021','36');
INSERT INTO `work_info` VALUES('C00000031','36');
INSERT INTO `work_info` VALUES('C00000041','36');
INSERT INTO `work_info` VALUES('C00000103','36');
INSERT INTO `work_info` VALUES('C00001002','36');
INSERT INTO `work_info` VALUES('C00001004','36');
INSERT INTO `work_info` VALUES('C00001005','36');
INSERT INTO `work_info` VALUES('C00001006','36');
INSERT INTO `work_info` VALUES('C00001007','36');
INSERT INTO `work_info` VALUES('C00001008','36');
INSERT INTO `work_info` VALUES('C00000001','37');
INSERT INTO `work_info` VALUES('C00000003','37');
INSERT INTO `work_info` VALUES('C00000010','37');
INSERT INTO `work_info` VALUES('C00000011','37');
INSERT INTO `work_info` VALUES('C00000012','37');
INSERT INTO `work_info` VALUES('C00000013','37');
INSERT INTO `work_info` VALUES('C00000014','37');
INSERT INTO `work_info` VALUES('C00000015','37');
INSERT INTO `work_info` VALUES('C00000016','37');
INSERT INTO `work_info` VALUES('C00000017','37');
INSERT INTO `work_info` VALUES('C00000021','37');
INSERT INTO `work_info` VALUES('C00000022','37');
INSERT INTO `work_info` VALUES('C00000023','37');
INSERT INTO `work_info` VALUES('C00000024','37');
INSERT INTO `work_info` VALUES('C00000031','37');
INSERT INTO `work_info` VALUES('C00000032','37');
INSERT INTO `work_info` VALUES('C00000033','37');
INSERT INTO `work_info` VALUES('C00000041','37');
INSERT INTO `work_info` VALUES('C00000042','37');
INSERT INTO `work_info` VALUES('C00000103','37');
INSERT INTO `work_info` VALUES('C00001002','37');
INSERT INTO `work_info` VALUES('C00001004','37');
INSERT INTO `work_info` VALUES('C00001005','37');
INSERT INTO `work_info` VALUES('C00001006','37');
INSERT INTO `work_info` VALUES('C00001007','37');
INSERT INTO `work_info` VALUES('C00001008','37');
INSERT INTO `work_info` VALUES('C00000003','38');
INSERT INTO `work_info` VALUES('C00000010','38');
INSERT INTO `work_info` VALUES('C00000011','38');
INSERT INTO `work_info` VALUES('C00000012','38');
INSERT INTO `work_info` VALUES('C00000013','38');
INSERT INTO `work_info` VALUES('C00000014','38');
INSERT INTO `work_info` VALUES('C00000015','38');
INSERT INTO `work_info` VALUES('C00000016','38');
INSERT INTO `work_info` VALUES('C00000017','38');
INSERT INTO `work_info` VALUES('C00000021','38');
INSERT INTO `work_info` VALUES('C00000022','38');
INSERT INTO `work_info` VALUES('C00000023','38');
INSERT INTO `work_info` VALUES('C00000024','38');
INSERT INTO `work_info` VALUES('C00000025','38');
INSERT INTO `work_info` VALUES('C00000031','38');
INSERT INTO `work_info` VALUES('C00000032','38');
INSERT INTO `work_info` VALUES('C00000041','38');
INSERT INTO `work_info` VALUES('C00000042','38');
INSERT INTO `work_info` VALUES('C00000043','38');
INSERT INTO `work_info` VALUES('C00000044','38');
INSERT INTO `work_info` VALUES('C00000045','38');
INSERT INTO `work_info` VALUES('C00000046','38');
INSERT INTO `work_info` VALUES('C00000103','38');
INSERT INTO `work_info` VALUES('C00001002','38');
INSERT INTO `work_info` VALUES('C00001004','38');
INSERT INTO `work_info` VALUES('C00001005','38');
INSERT INTO `work_info` VALUES('C00001006','38');
INSERT INTO `work_info` VALUES('C00001007','38');
INSERT INTO `work_info` VALUES('C00001008','38');
INSERT INTO `work_info` VALUES('C00000001','39');
INSERT INTO `work_info` VALUES('C00000010','39');
INSERT INTO `work_info` VALUES('C00000011','39');
INSERT INTO `work_info` VALUES('C00000012','39');
INSERT INTO `work_info` VALUES('C00000021','39');
INSERT INTO `work_info` VALUES('C00000022','39');
INSERT INTO `work_info` VALUES('C00000023','39');
INSERT INTO `work_info` VALUES('C00000031','39');
INSERT INTO `work_info` VALUES('C00000032','39');
INSERT INTO `work_info` VALUES('C00000033','39');
INSERT INTO `work_info` VALUES('C00000034','39');
INSERT INTO `work_info` VALUES('C00000035','39');
INSERT INTO `work_info` VALUES('C00000036','39');
INSERT INTO `work_info` VALUES('C00000037','39');
INSERT INTO `work_info` VALUES('C00000038','39');
INSERT INTO `work_info` VALUES('C00000041','39');
INSERT INTO `work_info` VALUES('C00000042','39');
INSERT INTO `work_info` VALUES('C00000043','39');
INSERT INTO `work_info` VALUES('C00000044','39');
INSERT INTO `work_info` VALUES('C00000045','39');
INSERT INTO `work_info` VALUES('C00001002','39');
INSERT INTO `work_info` VALUES('C00000001','40');
INSERT INTO `work_info` VALUES('C00000010','40');
INSERT INTO `work_info` VALUES('C00000011','40');
INSERT INTO `work_info` VALUES('C00000012','40');
INSERT INTO `work_info` VALUES('C00000013','40');
INSERT INTO `work_info` VALUES('C00000014','40');
INSERT INTO `work_info` VALUES('C00000015','40');
INSERT INTO `work_info` VALUES('C00000016','40');
INSERT INTO `work_info` VALUES('C00000017','40');
INSERT INTO `work_info` VALUES('C00000021','40');
INSERT INTO `work_info` VALUES('C00000022','40');
INSERT INTO `work_info` VALUES('C00000023','40');
INSERT INTO `work_info` VALUES('C00000024','40');
INSERT INTO `work_info` VALUES('C00000025','40');
INSERT INTO `work_info` VALUES('C00000026','40');
INSERT INTO `work_info` VALUES('C00000027','40');
INSERT INTO `work_info` VALUES('C00000028','40');
INSERT INTO `work_info` VALUES('C00000029','40');
INSERT INTO `work_info` VALUES('C00000031','40');
INSERT INTO `work_info` VALUES('C00000032','40');
INSERT INTO `work_info` VALUES('C00000033','40');
INSERT INTO `work_info` VALUES('C00000034','40');
INSERT INTO `work_info` VALUES('C00000035','40');
INSERT INTO `work_info` VALUES('C00000036','40');
INSERT INTO `work_info` VALUES('C00000041','40');
INSERT INTO `work_info` VALUES('C00000042','40');
INSERT INTO `work_info` VALUES('C00000043','40');
INSERT INTO `work_info` VALUES('C00000103','40');
INSERT INTO `work_info` VALUES('C00001002','40');
INSERT INTO `work_info` VALUES('C00001004','40');
INSERT INTO `work_info` VALUES('C00001005','40');
INSERT INTO `work_info` VALUES('C00001006','40');
INSERT INTO `work_info` VALUES('C00001007','40');
INSERT INTO `work_info` VALUES('C00000001','41');
INSERT INTO `work_info` VALUES('C00000010','41');
INSERT INTO `work_info` VALUES('C00000011','41');
INSERT INTO `work_info` VALUES('C00000012','41');
INSERT INTO `work_info` VALUES('C00000013','41');
INSERT INTO `work_info` VALUES('C00000014','41');
INSERT INTO `work_info` VALUES('C00000015','41');
INSERT INTO `work_info` VALUES('C00000016','41');
INSERT INTO `work_info` VALUES('C00000017','41');
INSERT INTO `work_info` VALUES('C00000018','41');
INSERT INTO `work_info` VALUES('C00000019','41');
INSERT INTO `work_info` VALUES('C00000020','41');
INSERT INTO `work_info` VALUES('C00000021','41');
INSERT INTO `work_info` VALUES('C00000022','41');
INSERT INTO `work_info` VALUES('C00000023','41');
INSERT INTO `work_info` VALUES('C00000024','41');
INSERT INTO `work_info` VALUES('C00000025','41');
INSERT INTO `work_info` VALUES('C00000026','41');
INSERT INTO `work_info` VALUES('C00000027','41');
INSERT INTO `work_info` VALUES('C00000031','41');
INSERT INTO `work_info` VALUES('C00000032','41');
INSERT INTO `work_info` VALUES('C00000041','41');
INSERT INTO `work_info` VALUES('C00000042','41');
INSERT INTO `work_info` VALUES('C00000103','41');
INSERT INTO `work_info` VALUES('C00001002','41');
INSERT INTO `work_info` VALUES('C00001004','41');
INSERT INTO `work_info` VALUES('C00001005','41');
INSERT INTO `work_info` VALUES('C00001006','41');
INSERT INTO `work_info` VALUES('C00001007','41');
INSERT INTO `work_info` VALUES('C00001008','41');
INSERT INTO `work_info` VALUES('C00000001','42');
INSERT INTO `work_info` VALUES('C00000010','42');
INSERT INTO `work_info` VALUES('C00000011','42');
INSERT INTO `work_info` VALUES('C00000012','42');
INSERT INTO `work_info` VALUES('C00000013','42');
INSERT INTO `work_info` VALUES('C00000014','42');
INSERT INTO `work_info` VALUES('C00000015','42');
INSERT INTO `work_info` VALUES('C00000016','42');
INSERT INTO `work_info` VALUES('C00000017','42');
INSERT INTO `work_info` VALUES('C00000021','42');
INSERT INTO `work_info` VALUES('C00000022','42');
INSERT INTO `work_info` VALUES('C00000023','42');
INSERT INTO `work_info` VALUES('C00000024','42');
INSERT INTO `work_info` VALUES('C00000025','42');
INSERT INTO `work_info` VALUES('C00000026','42');
INSERT INTO `work_info` VALUES('C00000031','42');
INSERT INTO `work_info` VALUES('C00000032','42');
INSERT INTO `work_info` VALUES('C00000033','42');
INSERT INTO `work_info` VALUES('C00000034','42');
INSERT INTO `work_info` VALUES('C00000035','42');
INSERT INTO `work_info` VALUES('C00000041','42');
INSERT INTO `work_info` VALUES('C00000042','42');
INSERT INTO `work_info` VALUES('C00000001','43');
INSERT INTO `work_info` VALUES('C00000011','43');
INSERT INTO `work_info` VALUES('C00000012','43');
INSERT INTO `work_info` VALUES('C00000013','43');
INSERT INTO `work_info` VALUES('C00000021','43');
INSERT INTO `work_info` VALUES('C00000022','43');
INSERT INTO `work_info` VALUES('C00000023','43');
INSERT INTO `work_info` VALUES('C00000024','43');
INSERT INTO `work_info` VALUES('C00000025','43');
INSERT INTO `work_info` VALUES('C00000026','43');
INSERT INTO `work_info` VALUES('C00000027','43');
INSERT INTO `work_info` VALUES('C00000028','43');
INSERT INTO `work_info` VALUES('C00000029','43');
INSERT INTO `work_info` VALUES('C00000031','43');
INSERT INTO `work_info` VALUES('C00000032','43');
INSERT INTO `work_info` VALUES('C00000033','43');
INSERT INTO `work_info` VALUES('C00000034','43');
INSERT INTO `work_info` VALUES('C00000035','43');
INSERT INTO `work_info` VALUES('C00000036','43');
INSERT INTO `work_info` VALUES('C00000041','43');
INSERT INTO `work_info` VALUES('C00000001','44');
INSERT INTO `work_info` VALUES('C00000010','44');
INSERT INTO `work_info` VALUES('C00000011','44');
INSERT INTO `work_info` VALUES('C00000012','44');
INSERT INTO `work_info` VALUES('C00000013','44');
INSERT INTO `work_info` VALUES('C00000014','44');
INSERT INTO `work_info` VALUES('C00000015','44');
INSERT INTO `work_info` VALUES('C00000016','44');
INSERT INTO `work_info` VALUES('C00000017','44');
INSERT INTO `work_info` VALUES('C00000021','44');
INSERT INTO `work_info` VALUES('C00000022','44');
INSERT INTO `work_info` VALUES('C00000023','44');
INSERT INTO `work_info` VALUES('C00000024','44');
INSERT INTO `work_info` VALUES('C00000025','44');
INSERT INTO `work_info` VALUES('C00000026','44');
INSERT INTO `work_info` VALUES('C00000027','44');
INSERT INTO `work_info` VALUES('C00000028','44');
INSERT INTO `work_info` VALUES('C00000031','44');
INSERT INTO `work_info` VALUES('C00000032','44');
INSERT INTO `work_info` VALUES('C00000033','44');
INSERT INTO `work_info` VALUES('C00000034','44');
INSERT INTO `work_info` VALUES('C00000035','44');
INSERT INTO `work_info` VALUES('C00000036','44');
INSERT INTO `work_info` VALUES('C00000041','44');
INSERT INTO `work_info` VALUES('C00000103','44');
INSERT INTO `work_info` VALUES('C00001002','44');
INSERT INTO `work_info` VALUES('C00001004','44');
INSERT INTO `work_info` VALUES('C00001005','44');
INSERT INTO `work_info` VALUES('C00001006','44');
INSERT INTO `work_info` VALUES('C00001007','44');
INSERT INTO `work_info` VALUES('C00000001','45');
INSERT INTO `work_info` VALUES('C00000010','45');
INSERT INTO `work_info` VALUES('C00000011','45');
INSERT INTO `work_info` VALUES('C00000012','45');
INSERT INTO `work_info` VALUES('C00000013','45');
INSERT INTO `work_info` VALUES('C00000021','45');
INSERT INTO `work_info` VALUES('C00000022','45');
INSERT INTO `work_info` VALUES('C00000023','45');
INSERT INTO `work_info` VALUES('C00000024','45');
INSERT INTO `work_info` VALUES('C00000025','45');
INSERT INTO `work_info` VALUES('C00000026','45');
INSERT INTO `work_info` VALUES('C00000027','45');
INSERT INTO `work_info` VALUES('C00000028','45');
INSERT INTO `work_info` VALUES('C00000029','45');
INSERT INTO `work_info` VALUES('C00000030','45');
INSERT INTO `work_info` VALUES('C00000031','45');
INSERT INTO `work_info` VALUES('C00000032','45');
INSERT INTO `work_info` VALUES('C00000041','45');
INSERT INTO `work_info` VALUES('C00000103','45');
INSERT INTO `work_info` VALUES('C00001002','45');
INSERT INTO `work_info` VALUES('C00001004','45');
INSERT INTO `work_info` VALUES('C00001005','45');
INSERT INTO `work_info` VALUES('C00001006','45');
INSERT INTO `work_info` VALUES('C00001007','45');
INSERT INTO `work_info` VALUES('C00000001','46');
INSERT INTO `work_info` VALUES('C00000010','46');
INSERT INTO `work_info` VALUES('C00000011','46');
INSERT INTO `work_info` VALUES('C00000012','46');
INSERT INTO `work_info` VALUES('C00000013','46');
INSERT INTO `work_info` VALUES('C00000014','46');
INSERT INTO `work_info` VALUES('C00000015','46');
INSERT INTO `work_info` VALUES('C00000016','46');
INSERT INTO `work_info` VALUES('C00000021','46');
INSERT INTO `work_info` VALUES('C00000022','46');
INSERT INTO `work_info` VALUES('C00000023','46');
INSERT INTO `work_info` VALUES('C00000024','46');
INSERT INTO `work_info` VALUES('C00000025','46');
INSERT INTO `work_info` VALUES('C00000031','46');
INSERT INTO `work_info` VALUES('C00000032','46');
INSERT INTO `work_info` VALUES('C00000041','46');
INSERT INTO `work_info` VALUES('C00000042','46');
INSERT INTO `work_info` VALUES('C00000103','46');
INSERT INTO `work_info` VALUES('C00001002','46');
INSERT INTO `work_info` VALUES('C00001004','46');
INSERT INTO `work_info` VALUES('C00001005','46');
INSERT INTO `work_info` VALUES('C00000001','47');
INSERT INTO `work_info` VALUES('C00000010','47');
INSERT INTO `work_info` VALUES('C00000011','47');
INSERT INTO `work_info` VALUES('C00000012','47');
INSERT INTO `work_info` VALUES('C00000013','47');
INSERT INTO `work_info` VALUES('C00000014','47');
INSERT INTO `work_info` VALUES('C00000015','47');
INSERT INTO `work_info` VALUES('C00000016','47');
INSERT INTO `work_info` VALUES('C00000017','47');
INSERT INTO `work_info` VALUES('C00000018','47');
INSERT INTO `work_info` VALUES('C00000021','47');
INSERT INTO `work_info` VALUES('C00000022','47');
INSERT INTO `work_info` VALUES('C00000023','47');
INSERT INTO `work_info` VALUES('C00000024','47');
INSERT INTO `work_info` VALUES('C00000025','47');
INSERT INTO `work_info` VALUES('C00000031','47');
INSERT INTO `work_info` VALUES('C00000032','47');
INSERT INTO `work_info` VALUES('C00000033','47');
INSERT INTO `work_info` VALUES('C00000041','47');
INSERT INTO `work_info` VALUES('C00000042','47');
INSERT INTO `work_info` VALUES('C00000043','47');
INSERT INTO `work_info` VALUES('C00000044','47');
INSERT INTO `work_info` VALUES('C00000045','47');
INSERT INTO `work_info` VALUES('C00000046','47');
INSERT INTO `work_info` VALUES('C00000047','47');
INSERT INTO `work_info` VALUES('C00000103','47');
INSERT INTO `work_info` VALUES('C00001002','47');
INSERT INTO `work_info` VALUES('C00000001','48');
INSERT INTO `work_info` VALUES('C00000010','48');
INSERT INTO `work_info` VALUES('C00000011','48');
INSERT INTO `work_info` VALUES('C00000012','48');
INSERT INTO `work_info` VALUES('C00000021','48');
INSERT INTO `work_info` VALUES('C00000031','48');
INSERT INTO `work_info` VALUES('C00000032','48');
INSERT INTO `work_info` VALUES('C00000033','48');
INSERT INTO `work_info` VALUES('C00000034','48');
INSERT INTO `work_info` VALUES('C00000035','48');
INSERT INTO `work_info` VALUES('C00000036','48');
INSERT INTO `work_info` VALUES('C00000037','48');
INSERT INTO `work_info` VALUES('C00000041','48');
INSERT INTO `work_info` VALUES('C00000042','48');
INSERT INTO `work_info` VALUES('C00000043','48');
INSERT INTO `work_info` VALUES('C00000044','48');
INSERT INTO `work_info` VALUES('C00000045','48');
INSERT INTO `work_info` VALUES('C00000046','48');
INSERT INTO `work_info` VALUES('C00000047','48');
INSERT INTO `work_info` VALUES('C00000048','48');
INSERT INTO `work_info` VALUES('C00000049','48');
INSERT INTO `work_info` VALUES('C00000050','48');
INSERT INTO `work_info` VALUES('C00000103','48');
INSERT INTO `work_info` VALUES('C00001002','48');
INSERT INTO `work_info` VALUES('C00000001','49');
INSERT INTO `work_info` VALUES('C00000010','49');
INSERT INTO `work_info` VALUES('C00000011','49');
INSERT INTO `work_info` VALUES('C00000012','49');
INSERT INTO `work_info` VALUES('C00000013','49');
INSERT INTO `work_info` VALUES('C00000014','49');
INSERT INTO `work_info` VALUES('C00000015','49');
INSERT INTO `work_info` VALUES('C00000016','49');
INSERT INTO `work_info` VALUES('C00000017','49');
INSERT INTO `work_info` VALUES('C00000018','49');
INSERT INTO `work_info` VALUES('C00000021','49');
INSERT INTO `work_info` VALUES('C00000022','49');
INSERT INTO `work_info` VALUES('C00000023','49');
INSERT INTO `work_info` VALUES('C00000024','49');
INSERT INTO `work_info` VALUES('C00000025','49');
INSERT INTO `work_info` VALUES('C00000026','49');
INSERT INTO `work_info` VALUES('C00000027','49');
INSERT INTO `work_info` VALUES('C00000028','49');
INSERT INTO `work_info` VALUES('C00000031','49');
INSERT INTO `work_info` VALUES('C00000032','49');
INSERT INTO `work_info` VALUES('C00000033','49');
INSERT INTO `work_info` VALUES('C00000034','49');
INSERT INTO `work_info` VALUES('C00000035','49');
INSERT INTO `work_info` VALUES('C00000036','49');
INSERT INTO `work_info` VALUES('C00000037','49');
INSERT INTO `work_info` VALUES('C00000041','49');
INSERT INTO `work_info` VALUES('C00000042','49');
INSERT INTO `work_info` VALUES('C00000043','49');
INSERT INTO `work_info` VALUES('C00000044','49');
INSERT INTO `work_info` VALUES('C00000045','49');
INSERT INTO `work_info` VALUES('C00000046','49');
INSERT INTO `work_info` VALUES('C00000103','49');
INSERT INTO `work_info` VALUES('C00001002','49');
INSERT INTO `work_info` VALUES('C00001004','49');
INSERT INTO `work_info` VALUES('C00000001','50');
INSERT INTO `work_info` VALUES('C00000010','50');
INSERT INTO `work_info` VALUES('C00000011','50');
INSERT INTO `work_info` VALUES('C00000021','50');
INSERT INTO `work_info` VALUES('C00000022','50');
INSERT INTO `work_info` VALUES('C00000023','50');
INSERT INTO `work_info` VALUES('C00000024','50');
INSERT INTO `work_info` VALUES('C00000025','50');
INSERT INTO `work_info` VALUES('C00000026','50');
INSERT INTO `work_info` VALUES('C00000027','50');
INSERT INTO `work_info` VALUES('C00000031','50');
INSERT INTO `work_info` VALUES('C00000032','50');
INSERT INTO `work_info` VALUES('C00000041','50');
INSERT INTO `work_info` VALUES('C00000042','50');
INSERT INTO `work_info` VALUES('C00000043','50');
INSERT INTO `work_info` VALUES('C00000044','50');
INSERT INTO `work_info` VALUES('C00000045','50');
INSERT INTO `work_info` VALUES('C00000046','50');
INSERT INTO `work_info` VALUES('C00000047','50');
INSERT INTO `work_info` VALUES('C00000048','50');
INSERT INTO `work_info` VALUES('C00000103','50');
INSERT INTO `work_info` VALUES('C00001002','50');
INSERT INTO `work_info` VALUES('C00001004','50');
INSERT INTO `work_info` VALUES('C00000001','51');
INSERT INTO `work_info` VALUES('C00000010','51');
INSERT INTO `work_info` VALUES('C00000011','51');
INSERT INTO `work_info` VALUES('C00000012','51');
INSERT INTO `work_info` VALUES('C00000013','51');
INSERT INTO `work_info` VALUES('C00000021','51');
INSERT INTO `work_info` VALUES('C00000031','51');
INSERT INTO `work_info` VALUES('C00000041','51');
INSERT INTO `work_info` VALUES('C00000042','51');
INSERT INTO `work_info` VALUES('C00000043','51');
INSERT INTO `work_info` VALUES('C00000044','51');
INSERT INTO `work_info` VALUES('C00000103','51');
INSERT INTO `work_info` VALUES('C00001002','51');
INSERT INTO `work_info` VALUES('C00001004','51');
INSERT INTO `work_info` VALUES('C00001005','51');
INSERT INTO `work_info` VALUES('C00001006','51');
INSERT INTO `work_info` VALUES('C00001007','51');
INSERT INTO `work_info` VALUES('C00000001','52');
INSERT INTO `work_info` VALUES('C00000010','52');
INSERT INTO `work_info` VALUES('C00000011','52');
INSERT INTO `work_info` VALUES('C00000012','52');
INSERT INTO `work_info` VALUES('C00000013','52');
INSERT INTO `work_info` VALUES('C00000014','52');
INSERT INTO `work_info` VALUES('C00000015','52');
INSERT INTO `work_info` VALUES('C00000016','52');
INSERT INTO `work_info` VALUES('C00000017','52');
INSERT INTO `work_info` VALUES('C00000018','52');
INSERT INTO `work_info` VALUES('C00000021','52');
INSERT INTO `work_info` VALUES('C00000022','52');
INSERT INTO `work_info` VALUES('C00000023','52');
INSERT INTO `work_info` VALUES('C00000031','52');
INSERT INTO `work_info` VALUES('C00000032','52');
INSERT INTO `work_info` VALUES('C00000033','52');
INSERT INTO `work_info` VALUES('C00000034','52');
INSERT INTO `work_info` VALUES('C00000035','52');
INSERT INTO `work_info` VALUES('C00000036','52');
INSERT INTO `work_info` VALUES('C00000041','52');
INSERT INTO `work_info` VALUES('C00000042','52');
INSERT INTO `work_info` VALUES('C00000043','52');
INSERT INTO `work_info` VALUES('C00000044','52');
INSERT INTO `work_info` VALUES('C00000103','52');
INSERT INTO `work_info` VALUES('C00001002','52');
INSERT INTO `work_info` VALUES('C00001004','52');
INSERT INTO `work_info` VALUES('C00000001','53');
INSERT INTO `work_info` VALUES('C00000011','53');
INSERT INTO `work_info` VALUES('C00000012','53');
INSERT INTO `work_info` VALUES('C00000021','53');
INSERT INTO `work_info` VALUES('C00000022','53');
INSERT INTO `work_info` VALUES('C00000023','53');
INSERT INTO `work_info` VALUES('C00000024','53');
INSERT INTO `work_info` VALUES('C00000025','53');
INSERT INTO `work_info` VALUES('C00000026','53');
INSERT INTO `work_info` VALUES('C00000027','53');
INSERT INTO `work_info` VALUES('C00000028','53');
INSERT INTO `work_info` VALUES('C00000029','53');
INSERT INTO `work_info` VALUES('C00000030','53');
INSERT INTO `work_info` VALUES('C00000031','53');
INSERT INTO `work_info` VALUES('C00000032','53');
INSERT INTO `work_info` VALUES('C00000033','53');
INSERT INTO `work_info` VALUES('C00000034','53');
INSERT INTO `work_info` VALUES('C00000035','53');
INSERT INTO `work_info` VALUES('C00000036','53');
INSERT INTO `work_info` VALUES('C00000037','53');
INSERT INTO `work_info` VALUES('C00000038','53');
INSERT INTO `work_info` VALUES('C00000041','53');
INSERT INTO `work_info` VALUES('C00000042','53');
INSERT INTO `work_info` VALUES('C00000043','53');
INSERT INTO `work_info` VALUES('C00000044','53');
INSERT INTO `work_info` VALUES('C00000045','53');
INSERT INTO `work_info` VALUES('C00000046','53');
INSERT INTO `work_info` VALUES('C00000047','53');
INSERT INTO `work_info` VALUES('C00000001','54');
INSERT INTO `work_info` VALUES('C00000010','54');
INSERT INTO `work_info` VALUES('C00000011','54');
INSERT INTO `work_info` VALUES('C00000012','54');
INSERT INTO `work_info` VALUES('C00000013','54');
INSERT INTO `work_info` VALUES('C00000014','54');
INSERT INTO `work_info` VALUES('C00000015','54');
INSERT INTO `work_info` VALUES('C00000016','54');
INSERT INTO `work_info` VALUES('C00000017','54');
INSERT INTO `work_info` VALUES('C00000018','54');
INSERT INTO `work_info` VALUES('C00000021','54');
INSERT INTO `work_info` VALUES('C00000031','54');
INSERT INTO `work_info` VALUES('C00000041','54');
INSERT INTO `work_info` VALUES('C00000042','54');
INSERT INTO `work_info` VALUES('C00000103','54');
INSERT INTO `work_info` VALUES('C00001002','54');
INSERT INTO `work_info` VALUES('C00001004','54');
INSERT INTO `work_info` VALUES('C00001005','54');
INSERT INTO `work_info` VALUES('C00001006','54');
INSERT INTO `work_info` VALUES('C00000001','55');
INSERT INTO `work_info` VALUES('C00000010','55');
INSERT INTO `work_info` VALUES('C00000011','55');
INSERT INTO `work_info` VALUES('C00000012','55');
INSERT INTO `work_info` VALUES('C00000013','55');
INSERT INTO `work_info` VALUES('C00000014','55');
INSERT INTO `work_info` VALUES('C00000015','55');
INSERT INTO `work_info` VALUES('C00000016','55');
INSERT INTO `work_info` VALUES('C00000017','55');
INSERT INTO `work_info` VALUES('C00000018','55');
INSERT INTO `work_info` VALUES('C00000019','55');
INSERT INTO `work_info` VALUES('C00000020','55');
INSERT INTO `work_info` VALUES('C00000021','55');
INSERT INTO `work_info` VALUES('C00000022','55');
INSERT INTO `work_info` VALUES('C00000023','55');
INSERT INTO `work_info` VALUES('C00000024','55');
INSERT INTO `work_info` VALUES('C00000025','55');
INSERT INTO `work_info` VALUES('C00000026','55');
INSERT INTO `work_info` VALUES('C00000027','55');
INSERT INTO `work_info` VALUES('C00000031','55');
INSERT INTO `work_info` VALUES('C00000041','55');
INSERT INTO `work_info` VALUES('C00000042','55');
INSERT INTO `work_info` VALUES('C00000043','55');
INSERT INTO `work_info` VALUES('C00000044','55');
INSERT INTO `work_info` VALUES('C00000045','55');
INSERT INTO `work_info` VALUES('C00000046','55');
INSERT INTO `work_info` VALUES('C00000047','55');
INSERT INTO `work_info` VALUES('C00000048','55');
INSERT INTO `work_info` VALUES('C00000049','55');
INSERT INTO `work_info` VALUES('C00000050','55');
INSERT INTO `work_info` VALUES('C00001002','55');
INSERT INTO `work_info` VALUES('C00000001','56');
INSERT INTO `work_info` VALUES('C00000010','56');
INSERT INTO `work_info` VALUES('C00000011','56');
INSERT INTO `work_info` VALUES('C00000012','56');
INSERT INTO `work_info` VALUES('C00000013','56');
INSERT INTO `work_info` VALUES('C00000014','56');
INSERT INTO `work_info` VALUES('C00000015','56');
INSERT INTO `work_info` VALUES('C00000016','56');
INSERT INTO `work_info` VALUES('C00000017','56');
INSERT INTO `work_info` VALUES('C00000018','56');
INSERT INTO `work_info` VALUES('C00000021','56');
INSERT INTO `work_info` VALUES('C00000022','56');
INSERT INTO `work_info` VALUES('C00000023','56');
INSERT INTO `work_info` VALUES('C00000024','56');
INSERT INTO `work_info` VALUES('C00000025','56');
INSERT INTO `work_info` VALUES('C00000026','56');
INSERT INTO `work_info` VALUES('C00000027','56');
INSERT INTO `work_info` VALUES('C00000028','56');
INSERT INTO `work_info` VALUES('C00000029','56');
INSERT INTO `work_info` VALUES('C00000030','56');
INSERT INTO `work_info` VALUES('C00000031','56');
INSERT INTO `work_info` VALUES('C00000041','56');
INSERT INTO `work_info` VALUES('C00000042','56');
INSERT INTO `work_info` VALUES('C00000103','56');
INSERT INTO `work_info` VALUES('C00001002','56');
INSERT INTO `work_info` VALUES('C00001004','56');
INSERT INTO `work_info` VALUES('C00000001','57');
INSERT INTO `work_info` VALUES('C00000010','57');
INSERT INTO `work_info` VALUES('C00000011','57');
INSERT INTO `work_info` VALUES('C00000012','57');
INSERT INTO `work_info` VALUES('C00000013','57');
INSERT INTO `work_info` VALUES('C00000014','57');
INSERT INTO `work_info` VALUES('C00000015','57');
INSERT INTO `work_info` VALUES('C00000016','57');
INSERT INTO `work_info` VALUES('C00000017','57');
INSERT INTO `work_info` VALUES('C00000018','57');
INSERT INTO `work_info` VALUES('C00000019','57');
INSERT INTO `work_info` VALUES('C00000021','57');
INSERT INTO `work_info` VALUES('C00000022','57');
INSERT INTO `work_info` VALUES('C00000023','57');
INSERT INTO `work_info` VALUES('C00000024','57');
INSERT INTO `work_info` VALUES('C00000025','57');
INSERT INTO `work_info` VALUES('C00000026','57');
INSERT INTO `work_info` VALUES('C00000027','57');
INSERT INTO `work_info` VALUES('C00000028','57');
INSERT INTO `work_info` VALUES('C00000029','57');
INSERT INTO `work_info` VALUES('C00000030','57');
INSERT INTO `work_info` VALUES('C00000031','57');
INSERT INTO `work_info` VALUES('C00000032','57');
INSERT INTO `work_info` VALUES('C00000033','57');
INSERT INTO `work_info` VALUES('C00000034','57');
INSERT INTO `work_info` VALUES('C00000041','57');
INSERT INTO `work_info` VALUES('C00001002','57');
INSERT INTO `work_info` VALUES('C00000001','58');
INSERT INTO `work_info` VALUES('C00000011','58');
INSERT INTO `work_info` VALUES('C00000021','58');
INSERT INTO `work_info` VALUES('C00000022','58');
INSERT INTO `work_info` VALUES('C00000023','58');
INSERT INTO `work_info` VALUES('C00000024','58');
INSERT INTO `work_info` VALUES('C00000025','58');
INSERT INTO `work_info` VALUES('C00000026','58');
INSERT INTO `work_info` VALUES('C00000027','58');
INSERT INTO `work_info` VALUES('C00000028','58');
INSERT INTO `work_info` VALUES('C00000029','58');
INSERT INTO `work_info` VALUES('C00000031','58');
INSERT INTO `work_info` VALUES('C00000032','58');
INSERT INTO `work_info` VALUES('C00000033','58');
INSERT INTO `work_info` VALUES('C00000041','58');
INSERT INTO `work_info` VALUES('C00000042','58');
INSERT INTO `work_info` VALUES('C00000043','58');
INSERT INTO `work_info` VALUES('C00000044','58');
INSERT INTO `work_info` VALUES('C00000045','58');
INSERT INTO `work_info` VALUES('C00000046','58');
INSERT INTO `work_info` VALUES('C00000047','58');
INSERT INTO `work_info` VALUES('C00000048','58');
INSERT INTO `work_info` VALUES('C00000049','58');
INSERT INTO `work_info` VALUES('C00000050','58');
INSERT INTO `work_info` VALUES('C00000001','59');
INSERT INTO `work_info` VALUES('C00000010','59');
INSERT INTO `work_info` VALUES('C00000011','59');
INSERT INTO `work_info` VALUES('C00000012','59');
INSERT INTO `work_info` VALUES('C00000013','59');
INSERT INTO `work_info` VALUES('C00000014','59');
INSERT INTO `work_info` VALUES('C00000015','59');
INSERT INTO `work_info` VALUES('C00000016','59');
INSERT INTO `work_info` VALUES('C00000017','59');
INSERT INTO `work_info` VALUES('C00000018','59');
INSERT INTO `work_info` VALUES('C00000021','59');
INSERT INTO `work_info` VALUES('C00000022','59');
INSERT INTO `work_info` VALUES('C00000023','59');
INSERT INTO `work_info` VALUES('C00000024','59');
INSERT INTO `work_info` VALUES('C00000025','59');
INSERT INTO `work_info` VALUES('C00000031','59');
INSERT INTO `work_info` VALUES('C00000032','59');
INSERT INTO `work_info` VALUES('C00000033','59');
INSERT INTO `work_info` VALUES('C00000034','59');
INSERT INTO `work_info` VALUES('C00000035','59');
INSERT INTO `work_info` VALUES('C00000041','59');
INSERT INTO `work_info` VALUES('C00000042','59');
INSERT INTO `work_info` VALUES('C00000043','59');
INSERT INTO `work_info` VALUES('C00001002','59');
INSERT INTO `work_info` VALUES('C00000001','60');
INSERT INTO `work_info` VALUES('C00000010','60');
INSERT INTO `work_info` VALUES('C00000011','60');
INSERT INTO `work_info` VALUES('C00000012','60');
INSERT INTO `work_info` VALUES('C00000013','60');
INSERT INTO `work_info` VALUES('C00000014','60');
INSERT INTO `work_info` VALUES('C00000015','60');
INSERT INTO `work_info` VALUES('C00000016','60');
INSERT INTO `work_info` VALUES('C00000021','60');
INSERT INTO `work_info` VALUES('C00000022','60');
INSERT INTO `work_info` VALUES('C00000023','60');
INSERT INTO `work_info` VALUES('C00000024','60');
INSERT INTO `work_info` VALUES('C00000025','60');
INSERT INTO `work_info` VALUES('C00000026','60');
INSERT INTO `work_info` VALUES('C00000027','60');
INSERT INTO `work_info` VALUES('C00000028','60');
INSERT INTO `work_info` VALUES('C00000029','60');
INSERT INTO `work_info` VALUES('C00000031','60');
INSERT INTO `work_info` VALUES('C00000032','60');
INSERT INTO `work_info` VALUES('C00000033','60');
INSERT INTO `work_info` VALUES('C00000034','60');
INSERT INTO `work_info` VALUES('C00000041','60');
INSERT INTO `work_info` VALUES('C00000042','60');
INSERT INTO `work_info` VALUES('C00000043','60');
INSERT INTO `work_info` VALUES('C00000044','60');
INSERT INTO `work_info` VALUES('C00000045','60');
INSERT INTO `work_info` VALUES('C00000046','60');
INSERT INTO `work_info` VALUES('C00000047','60');
INSERT INTO `work_info` VALUES('C00000103','60');
INSERT INTO `work_info` VALUES('C00001002','60');
INSERT INTO `work_info` VALUES('C00000001','61');
INSERT INTO `work_info` VALUES('C00000010','61');
INSERT INTO `work_info` VALUES('C00000011','61');
INSERT INTO `work_info` VALUES('C00000012','61');
INSERT INTO `work_info` VALUES('C00000013','61');
INSERT INTO `work_info` VALUES('C00000014','61');
INSERT INTO `work_info` VALUES('C00000015','61');
INSERT INTO `work_info` VALUES('C00000016','61');
INSERT INTO `work_info` VALUES('C00000017','61');
INSERT INTO `work_info` VALUES('C00000021','61');
INSERT INTO `work_info` VALUES('C00000022','61');
INSERT INTO `work_info` VALUES('C00000023','61');
INSERT INTO `work_info` VALUES('C00000024','61');
INSERT INTO `work_info` VALUES('C00000025','61');
INSERT INTO `work_info` VALUES('C00000026','61');
INSERT INTO `work_info` VALUES('C00000027','61');
INSERT INTO `work_info` VALUES('C00000031','61');
INSERT INTO `work_info` VALUES('C00000032','61');
INSERT INTO `work_info` VALUES('C00000033','61');
INSERT INTO `work_info` VALUES('C00000034','61');
INSERT INTO `work_info` VALUES('C00000041','61');
INSERT INTO `work_info` VALUES('C00000042','61');
INSERT INTO `work_info` VALUES('C00000043','61');
INSERT INTO `work_info` VALUES('C00000103','61');
INSERT INTO `work_info` VALUES('C00001002','61');
INSERT INTO `work_info` VALUES('C00001004','61');
INSERT INTO `work_info` VALUES('C00001005','61');
INSERT INTO `work_info` VALUES('C00001006','61');
INSERT INTO `work_info` VALUES('C00001007','61');
INSERT INTO `work_info` VALUES('C00001008','61');
INSERT INTO `work_info` VALUES('C00000001','62');
INSERT INTO `work_info` VALUES('C00000010','62');
INSERT INTO `work_info` VALUES('C00000011','62');
INSERT INTO `work_info` VALUES('C00000012','62');
INSERT INTO `work_info` VALUES('C00000013','62');
INSERT INTO `work_info` VALUES('C00000014','62');
INSERT INTO `work_info` VALUES('C00000015','62');
INSERT INTO `work_info` VALUES('C00000021','62');
INSERT INTO `work_info` VALUES('C00000022','62');
INSERT INTO `work_info` VALUES('C00000023','62');
INSERT INTO `work_info` VALUES('C00000024','62');
INSERT INTO `work_info` VALUES('C00000025','62');
INSERT INTO `work_info` VALUES('C00000026','62');
INSERT INTO `work_info` VALUES('C00000027','62');
INSERT INTO `work_info` VALUES('C00000031','62');
INSERT INTO `work_info` VALUES('C00000032','62');
INSERT INTO `work_info` VALUES('C00000033','62');
INSERT INTO `work_info` VALUES('C00000034','62');
INSERT INTO `work_info` VALUES('C00000035','62');
INSERT INTO `work_info` VALUES('C00000036','62');
INSERT INTO `work_info` VALUES('C00000037','62');
INSERT INTO `work_info` VALUES('C00000041','62');
INSERT INTO `work_info` VALUES('C00000042','62');
INSERT INTO `work_info` VALUES('C00000043','62');
INSERT INTO `work_info` VALUES('C00000044','62');
INSERT INTO `work_info` VALUES('C00000001','63');
INSERT INTO `work_info` VALUES('C00000010','63');
INSERT INTO `work_info` VALUES('C00000011','63');
INSERT INTO `work_info` VALUES('C00000012','63');
INSERT INTO `work_info` VALUES('C00000013','63');
INSERT INTO `work_info` VALUES('C00000014','63');
INSERT INTO `work_info` VALUES('C00000021','63');
INSERT INTO `work_info` VALUES('C00000022','63');
INSERT INTO `work_info` VALUES('C00000023','63');
INSERT INTO `work_info` VALUES('C00000024','63');
INSERT INTO `work_info` VALUES('C00000031','63');
INSERT INTO `work_info` VALUES('C00000032','63');
INSERT INTO `work_info` VALUES('C00000033','63');
INSERT INTO `work_info` VALUES('C00000034','63');
INSERT INTO `work_info` VALUES('C00000035','63');
INSERT INTO `work_info` VALUES('C00000041','63');
INSERT INTO `work_info` VALUES('C00000042','63');
INSERT INTO `work_info` VALUES('C00000043','63');
INSERT INTO `work_info` VALUES('C00000044','63');
INSERT INTO `work_info` VALUES('C00000045','63');
INSERT INTO `work_info` VALUES('C00000046','63');
INSERT INTO `work_info` VALUES('C00000047','63');
INSERT INTO `work_info` VALUES('C00000048','63');
INSERT INTO `work_info` VALUES('C00000049','63');
INSERT INTO `work_info` VALUES('C00001002','63');
INSERT INTO `work_info` VALUES('C00000001','64');
INSERT INTO `work_info` VALUES('C00000010','64');
INSERT INTO `work_info` VALUES('C00000011','64');
INSERT INTO `work_info` VALUES('C00000012','64');
INSERT INTO `work_info` VALUES('C00000013','64');
INSERT INTO `work_info` VALUES('C00000021','64');
INSERT INTO `work_info` VALUES('C00000031','64');
INSERT INTO `work_info` VALUES('C00000032','64');
INSERT INTO `work_info` VALUES('C00000033','64');
INSERT INTO `work_info` VALUES('C00000041','64');
INSERT INTO `work_info` VALUES('C00000042','64');
INSERT INTO `work_info` VALUES('C00000043','64');
INSERT INTO `work_info` VALUES('C00000044','64');
INSERT INTO `work_info` VALUES('C00000045','64');
INSERT INTO `work_info` VALUES('C00000103','64');
INSERT INTO `work_info` VALUES('C00001002','64');
INSERT INTO `work_info` VALUES('C00001004','64');
INSERT INTO `work_info` VALUES('C00001005','64');
INSERT INTO `work_info` VALUES('C00001006','64');
INSERT INTO `work_info` VALUES('C00001007','64');
INSERT INTO `work_info` VALUES('C00001008','64');
INSERT INTO `work_info` VALUES('C00000001','65');
INSERT INTO `work_info` VALUES('C00000010','65');
INSERT INTO `work_info` VALUES('C00000011','65');
INSERT INTO `work_info` VALUES('C00000012','65');
INSERT INTO `work_info` VALUES('C00000013','65');
INSERT INTO `work_info` VALUES('C00000014','65');
INSERT INTO `work_info` VALUES('C00000015','65');
INSERT INTO `work_info` VALUES('C00000021','65');
INSERT INTO `work_info` VALUES('C00000022','65');
INSERT INTO `work_info` VALUES('C00000023','65');
INSERT INTO `work_info` VALUES('C00000024','65');
INSERT INTO `work_info` VALUES('C00000025','65');
INSERT INTO `work_info` VALUES('C00000026','65');
INSERT INTO `work_info` VALUES('C00000027','65');
INSERT INTO `work_info` VALUES('C00000028','65');
INSERT INTO `work_info` VALUES('C00000029','65');
INSERT INTO `work_info` VALUES('C00000030','65');
INSERT INTO `work_info` VALUES('C00000031','65');
INSERT INTO `work_info` VALUES('C00000032','65');
INSERT INTO `work_info` VALUES('C00000033','65');
INSERT INTO `work_info` VALUES('C00000034','65');
INSERT INTO `work_info` VALUES('C00000035','65');
INSERT INTO `work_info` VALUES('C00000036','65');
INSERT INTO `work_info` VALUES('C00000037','65');
INSERT INTO `work_info` VALUES('C00000038','65');
INSERT INTO `work_info` VALUES('C00000041','65');
INSERT INTO `work_info` VALUES('C00000042','65');
INSERT INTO `work_info` VALUES('C00000043','65');
INSERT INTO `work_info` VALUES('C00000044','65');
INSERT INTO `work_info` VALUES('C00000045','65');
INSERT INTO `work_info` VALUES('C00000046','65');
INSERT INTO `work_info` VALUES('C00000103','65');
INSERT INTO `work_info` VALUES('C00001002','65');
INSERT INTO `work_info` VALUES('C00001004','65');
INSERT INTO `work_info` VALUES('C00001005','65');
INSERT INTO `work_info` VALUES('C00000001','66');
INSERT INTO `work_info` VALUES('C00000010','66');
INSERT INTO `work_info` VALUES('C00000011','66');
INSERT INTO `work_info` VALUES('C00000012','66');
INSERT INTO `work_info` VALUES('C00000013','66');
INSERT INTO `work_info` VALUES('C00000014','66');
INSERT INTO `work_info` VALUES('C00000021','66');
INSERT INTO `work_info` VALUES('C00000022','66');
INSERT INTO `work_info` VALUES('C00000023','66');
INSERT INTO `work_info` VALUES('C00000024','66');
INSERT INTO `work_info` VALUES('C00000025','66');
INSERT INTO `work_info` VALUES('C00000026','66');
INSERT INTO `work_info` VALUES('C00000027','66');
INSERT INTO `work_info` VALUES('C00000031','66');
INSERT INTO `work_info` VALUES('C00000041','66');
INSERT INTO `work_info` VALUES('C00000042','66');
INSERT INTO `work_info` VALUES('C00000043','66');
INSERT INTO `work_info` VALUES('C00000044','66');
INSERT INTO `work_info` VALUES('C00000045','66');
INSERT INTO `work_info` VALUES('C00000046','66');
INSERT INTO `work_info` VALUES('C00000047','66');
INSERT INTO `work_info` VALUES('C00000103','66');
INSERT INTO `work_info` VALUES('C00001002','66');
INSERT INTO `work_info` VALUES('C00000001','67');
INSERT INTO `work_info` VALUES('C00000010','67');
INSERT INTO `work_info` VALUES('C00000011','67');
INSERT INTO `work_info` VALUES('C00000012','67');
INSERT INTO `work_info` VALUES('C00000013','67');
INSERT INTO `work_info` VALUES('C00000014','67');
INSERT INTO `work_info` VALUES('C00000015','67');
INSERT INTO `work_info` VALUES('C00000021','67');
INSERT INTO `work_info` VALUES('C00000022','67');
INSERT INTO `work_info` VALUES('C00000023','67');
INSERT INTO `work_info` VALUES('C00000024','67');
INSERT INTO `work_info` VALUES('C00000031','67');
INSERT INTO `work_info` VALUES('C00000032','67');
INSERT INTO `work_info` VALUES('C00000033','67');
INSERT INTO `work_info` VALUES('C00000034','67');
INSERT INTO `work_info` VALUES('C00000035','67');
INSERT INTO `work_info` VALUES('C00000036','67');
INSERT INTO `work_info` VALUES('C00000037','67');
INSERT INTO `work_info` VALUES('C00000038','67');
INSERT INTO `work_info` VALUES('C00000039','67');
INSERT INTO `work_info` VALUES('C00000041','67');
INSERT INTO `work_info` VALUES('C00000042','67');
INSERT INTO `work_info` VALUES('C00000043','67');
INSERT INTO `work_info` VALUES('C00000044','67');
INSERT INTO `work_info` VALUES('C00000103','67');
INSERT INTO `work_info` VALUES('C00001002','67');
INSERT INTO `work_info` VALUES('C00001004','67');
INSERT INTO `work_info` VALUES('C00001005','67');
INSERT INTO `work_info` VALUES('C00001006','67');
INSERT INTO `work_info` VALUES('C00001007','67');
INSERT INTO `work_info` VALUES('C00001008','67');
INSERT INTO `work_info` VALUES('C00001009','67');
INSERT INTO `work_info` VALUES('C00000001','68');
INSERT INTO `work_info` VALUES('C00000010','68');
INSERT INTO `work_info` VALUES('C00000011','68');
INSERT INTO `work_info` VALUES('C00000012','68');
INSERT INTO `work_info` VALUES('C00000013','68');
INSERT INTO `work_info` VALUES('C00000014','68');
INSERT INTO `work_info` VALUES('C00000021','68');
INSERT INTO `work_info` VALUES('C00000031','68');
INSERT INTO `work_info` VALUES('C00000041','68');
INSERT INTO `work_info` VALUES('C00000042','68');
INSERT INTO `work_info` VALUES('C00000043','68');
INSERT INTO `work_info` VALUES('C00000044','68');
INSERT INTO `work_info` VALUES('C00000045','68');
INSERT INTO `work_info` VALUES('C00000046','68');
INSERT INTO `work_info` VALUES('C00000047','68');
INSERT INTO `work_info` VALUES('C00000103','68');
INSERT INTO `work_info` VALUES('C00001002','68');
INSERT INTO `work_info` VALUES('C00001004','68');
INSERT INTO `work_info` VALUES('C00001005','68');
INSERT INTO `work_info` VALUES('C00001006','68');
INSERT INTO `work_info` VALUES('C00001007','68');
